Freq(Hz),inlet | A = 7498.88 L**2 | TSW_real (mW) = 3.785e-10,inlet | A = 7498.88 L**2 | TSW_imag (mW) = -3.748e-12,inlet | A = 7498.88 L**2 | TSW_mag (mW) = 7.543e-10,inlet | A = 7498.88 L**2 | TSW_real (mW) = 3.785e-10 | SWL_real (dB),inlet | A = 7498.88 L**2 | TSW_imag (mW) = -3.748e-12 | SWL_imag (dB),inlet | A = 7498.88 L**2 | TSW_mag (mW) = 7.543e-10 | SWL_mag (dB),inlet | A = 7498.88 L**2 | P_rms (MPa),inlet | A = 7498.88 L**2 | V_mean (mm/s),inlet | A = 7498.88 L**2 | SPL (dB),outlet | A = 7496.42 L**2 | TSW_real (mW) = 0,outlet | A = 7496.42 L**2 | TSW_imag (mW) = 0,outlet | A = 7496.42 L**2 | TSW_mag (mW) = 0,outlet | A = 7496.42 L**2 | TSW_real (mW) = 0 | SWL_real (dB),outlet | A = 7496.42 L**2 | TSW_imag (mW) = 0 | SWL_imag (dB),outlet | A = 7496.42 L**2 | TSW_mag (mW) = 0 | SWL_mag (dB),outlet | A = 7496.42 L**2 | P_rms (MPa),outlet | A = 7496.42 L**2 | V_mean (mm/s),outlet | A = 7496.42 L**2 | SPL (dB),Tie-1_Master | A = 7498.47 L**2 | TSW_real (mW) = 1.836e-10,Tie-1_Master | A = 7498.47 L**2 | TSW_imag (mW) = -2.985e-11,Tie-1_Master | A = 7498.47 L**2 | TSW_mag (mW) = 4.618e-10,Tie-1_Master | A = 7498.47 L**2 | TSW_real (mW) = 1.836e-10 | SWL_real (dB),Tie-1_Master | A = 7498.47 L**2 | TSW_imag (mW) = -2.985e-11 | SWL_imag (dB),Tie-1_Master | A = 7498.47 L**2 | TSW_mag (mW) = 4.618e-10 | SWL_mag (dB),Tie-1_Master | A = 7498.47 L**2 | P_rms (MPa),Tie-1_Master | A = 7498.47 L**2 | V_mean (mm/s),Tie-1_Master | A = 7498.47 L**2 | SPL (dB),Tie-1_Slave | A = 7497.6 L**2 | TSW_real (mW) = 1.838e-10,Tie-1_Slave | A = 7497.6 L**2 | TSW_imag (mW) = 2.99e-11,Tie-1_Slave | A = 7497.6 L**2 | TSW_mag (mW) = 4.623e-10,Tie-1_Slave | A = 7497.6 L**2 | TSW_real (mW) = 1.838e-10 | SWL_real (dB),Tie-1_Slave | A = 7497.6 L**2 | TSW_imag (mW) = 2.99e-11 | SWL_imag (dB),Tie-1_Slave | A = 7497.6 L**2 | TSW_mag (mW) = 4.623e-10 | SWL_mag (dB),Tie-1_Slave | A = 7497.6 L**2 | P_rms (MPa),Tie-1_Slave | A = 7497.6 L**2 | V_mean (mm/s),Tie-1_Slave | A = 7497.6 L**2 | SPL (dB)
20.0,2.096498939278752e-13,1.1368084658066125e-11,1.1370017672412931e-11,-36.78505352991155,-19.44312700879842,-19.44238860288039,6.064911723262112e-11,(5e-05+0j),9.635889765779119,0.0,0.0,0.0,-210.0,-210.0,-210.0,6.411234994106005e-11,0j,10.118233998355796,1.1170549655337939e-13,-6.0759134105075e-12,6.076940174951957e-12,-39.51925456570415,-22.163884240137847,-22.16315039087295,6.323247335781651e-11,(-2.5633161480131753e-05+1.841945103563063e-08j),9.99820348089809,1.1160472162237419e-13,6.083325051179625e-12,6.084348715532172e-12,-39.52317431463264,-22.158589771977613,-22.15785902953792,6.323246755508544e-11,(2.566740846600837e-05-1.7444223444476723e-08j),9.998202683809485
30.0,1.4306580800929055e-13,6.504603596058277e-12,6.506176739627937e-12,-38.444641479817555,-21.867791650962705,-21.86674143328591,3.470477335018239e-11,(5e-05+0j),4.787184335894202,0.0,0.0,0.0,-210.0,-210.0,-210.0,3.995606711132411e-11,0j,6.011054764932311,7.832310358275791e-14,-3.761846545795057e-12,3.762661816143598e-12,-41.06110111779987,-24.245989242757247,-24.245048138307666,3.86140877205291e-11,(-2.599003553768727e-05+2.9604369641011976e-08j),5.7143156636198995,7.822270277678938e-14,3.766248099293849e-12,3.767060330903161e-12,-41.06667182237552,-24.240910744932034,-24.239974243498207,3.8614079197628634e-11,(2.6023459633827748e-05-2.831595867149008e-08j),5.714313746470347
40.0,1.1409345797512987e-13,4.320533303131348e-12,4.322039488553963e-12,-39.42739256955625,-23.644626429276432,-23.643112694789828,2.3054309939611053e-11,(5e-05+0j),1.2344426361293166,0.0,0.0,0.0,-210.0,-210.0,-210.0,3.019056025864647e-11,0j,3.5768235363051644,6.559036513834226e-14,-2.8365623380892106e-12,2.83732056593278e-12,-41.83159951395179,-25.472076676640008,-25.47091594006501,2.8343259796279113e-11,(-2.670028800203295e-05+5.036405585745414e-08j),3.02839603820368,6.548297417765484e-14,2.8398367259778114e-12,2.8405916021349364e-12,-41.838716035482754,-25.467066286308718,-25.465912012255586,2.8343248243377978e-11,(2.6734200450422644e-05-4.8704962816848167e-08j),3.0283924977765935
50.0,9.770101290739006e-14,2.9776357437065613e-12,2.979238176131955e-12,-40.101009337447906,-25.26128430886686,-25.25894775588245,1.5891641051199436e-11,(5e-05+0j),-1.9972249739392154,0.0,0.0,0.0,-210.0,-210.0,-210.0,2.5047884586657538e-11,0j,1.9548211569451048,5.985892977171351e-14,-2.351159710624972e-12,2.3519215710434554e-12,-42.228710522534996,-26.28717868923863,-26.28577164666885,2.2635165469709382e-11,(-2.7713782758024577e-05+8.279504780166964e-08j),1.0750735599828982,5.974407586471432e-14,2.3538566836717652e-12,2.3546147544486275e-12,-42.23705152251271,-26.282199830326395,-26.28080138939942,2.2635150540138436e-11,(2.7748775949961304e-05-8.073714231707449e-08j),1.0750678309923796
60.0,8.769003918825617e-14,2.0052281194145555e-12,2.007144577220005e-12,-40.570497358387456,-26.978362138829667,-26.974213435925275,1.0706377978333751e-11,(5e-05+0j),-5.4277484799739115,0.0,0.0,0.0,-210.0,-210.0,-210.0,2.2068294012158688e-11,0j,0.854775313847822,5.790545142410674e-14,-2.0703691336784507e-12,2.0711787443369266e-12,-42.37280548328505,-26.83952215689258,-26.837824195375287,1.900670161149291e-11,(-2.9064683498935552e-05+1.3092233959283531e-07j),-0.44246477872184264,5.778297504179854e-14,2.072735241418278e-12,2.073540511594111e-12,-42.38200101623449,-26.83456168496777,-26.83287475231285,1.9006682849449428e-11,(2.9101255663525335e-05-1.284396927008656e-07j),-0.44247335280917377
70.0,8.188174823492735e-14,1.2194770668834848e-12,1.2222229491172041e-12,-40.868128934072274,-29.13826362483998,-29.12849565992239,6.519523910293906e-12,(5e-05+0j),-9.73628226453547,0.0,0.0,0.0,-210.0,-210.0,-210.0,2.03392988353235e-11,0j,0.14611963151425356,5.870928834983053e-14,-1.9074794662979375e-12,1.9083827432899322e-12,-42.31293183931906,-27.195401284564355,-27.193345192394176,1.6513615191174095e-11,(-3.0822934621974185e-05+2.0114880198814606e-07j),-1.6637567088287928,5.8578696340264e-14,1.9096538113862278e-12,1.910552051896747e-12,-42.32260297702724,-27.190453560149006,-27.188411257098902,1.6513591980948976e-11,(3.0861627430804836e-05-1.982110215191716e-07j),-1.6637689170335501
80.0,7.960689038721619e-14,5.281936735633474e-13,5.341589780107288e-13,-40.99049340206601,-32.77206804857573,-32.72329467695507,2.8493663737060855e-12,(5e-05+0j),-16.925634018353726,0.0,0.0,0.0,-210.0,-210.0,-210.0,1.946342206706002e-11,0j,-0.23621590359247752,6.210380730437381e-14,-1.82482609446039e-12,1.8258825695825185e-12,-42.068817743709985,-27.387785174074665,-27.385271572629904,1.4713774219885688e-11,(-3.3097201793173187e-05+3.0370177619995545e-07j),-2.6661181614798855,6.196419782567738e-14,1.8269019742007074e-12,1.827952511732901e-12,-42.078591682083015,-27.382847548947737,-27.38035090965561,1.47137457181342e-11,(3.3138674910534774e-05-3.0027063424424004e-07j),-2.6661349867555764
90.0,8.113375759543115e-14,-1.260551974954921e-13,1.4990863696659276e-13,-40.9079840982061,-38.99439242831041,-38.24173344610872,8.000588124988211e-13,(5e-05+0j),-27.958161648318626,0.0,0.0,0.0,-210.0,-210.0,-210.0,1.9270490582207342e-11,0j,-0.32274449465569793,6.84970098344484e-14,-1.8062706004355886e-12,1.8075688983699078e-12,-41.64328386766602,-27.432171867619473,-27.42905139891473,1.3371613144579715e-11,(-3.6052741804087625e-05+4.555080818935948e-07j),-3.49692384353883,6.834706816363935e-14,1.8083217080846677e-12,1.8096128651335387e-12,-41.65280110323114,-27.42724304160888,-27.424143248652136,1.337157817470675e-11,(3.6097853214272336e-05-4.515349815425811e-07j),-3.4969465591866085
100.0,8.775126540221532e-14,-7.888625721326089e-13,7.937281916949691e-13,-40.56746612147186,-31.02998648708146,-31.003281941177924,4.233946664449453e-12,(5e-05+0j),-13.485692256150195,0.0,0.0,0.0,-210.0,-210.0,-210.0,1.9723745275360595e-11,0j,-0.1208122103215497,7.896500625486865e-14,-1.848237847519225e-12,1.8499239479544366e-12,-41.0256532589132,-27.332421406817463,-27.328461254686847,1.2350081381390968e-11,(-3.994691915404445e-05+6.860331799359244e-07j),-4.187203525135036,7.880302703948747e-14,1.8503331447043377e-12,1.8520104382702677e-12,-41.03457099752876,-27.327500716611954,-27.323565698838888,1.2350038257193992e-11,(3.9996844846757475e-05-6.814574886898321e-07j),-4.1872338547059975
110.0,1.0245072531169009e-13,-1.507764610993746e-12,1.5112413021360995e-12,-39.894849626141806,-28.216664543057156,-28.206661856813234,8.06121640316483e-12,(5e-05+0j),-7.892588314590059,0.0,0.0,0.0,-210.0,-210.0,-210.0,2.090072885605683e-11,0j,0.3826287109934331,9.570612987919989e-14,-1.9578419725295847e-12,1.9601798011139155e-12,-40.1906024521736,-27.082223652540627,-27.07704090352614,1.1564280251154784e-11,(-4.519861900904479e-05+1.0500197878842389e-06j),-4.758227755114091,9.553014379558022e-14,1.960058026144139e-12,1.962384639724247e-12,-40.19859568537298,-27.077310714694516,-27.072158641642407,1.1564226463241202e-11,(4.52550583559956e-05-1.0447701748863016e-06j),-4.758268155118034
120.0,1.3183704044586863e-13,-2.3470114863872334e-12,2.3507113651971688e-12,-38.79962554831235,-26.294847849380986,-26.28800692949759,1.2539041450167997e-11,(5e-05+0j),-4.055313152786093,0.0,0.0,0.0,-210.0,-210.0,-210.0,2.302800998690659e-11,0j,1.2245282693247064,1.232388765873902e-13,-2.156033525159054e-12,2.1595528199866514e-12,-39.092522692492956,-26.663444903877185,-26.656361691815675,1.0959194362521003e-11,(-5.253350152528677e-05+1.6581332851604073e-06j),-5.22502732807109,1.2304717175125448e-13,2.1584702149486593e-12,2.1619746241102123e-12,-39.099283641386656,-26.658539398604766,-26.651494078265493,1.0959125976591438e-11,(5.259906617682278e-05-1.6521401090923043e-06j),-5.225081528632794
130.0,1.9160018778856685e-13,-3.4143187198123376e-12,3.4196904761135287e-12,-37.17604069602472,-24.66695940809148,-24.660132011366315,1.824110241151607e-11,(5e-05+0j),-0.7995782808324254,0.0,0.0,0.0,-210.0,-210.0,-210.0,2.6602460783804162e-11,0j,2.4778363196402524,1.7170527666860665e-13,-2.4886826835359088e-12,2.494599006126503e-12,-37.65216358346094,-26.040304740521417,-26.029992550195878,1.0498062186587257e-11,(-6.332130792525203e-05+2.7609333762276245e-06j),-5.598417092528779,1.7149837109212535e-13,2.4914913130788243e-12,2.4973867650875577e-12,-37.65740000572004,-26.03540622716688,-26.025141941580358,1.0497972567230074e-11,(6.340034091360542e-05-2.7541824198844325e-06j),-5.598491242134175
140.0,3.2490248586129627e-13,-4.928064903613908e-12,4.938763541570907e-12,-34.88246965811947,-23.07323581059589,-23.0638176651901,2.6344023328467543e-11,(5e-05+0j),2.3930421324313538,0.0,0.0,0.0,-210.0,-210.0,-210.0,3.274459427221082e-11,0j,4.282192358604574,2.676001571763483e-13,-3.058628993437881e-12,3.070312877154319e-12,-35.7251363581901,-25.14473199012198,-25.128173659241163,1.015589725004606e-11,(-8.048139806760215e-05+5.024525052491099e-06j),-5.886233946291512,2.673887193878791e-13,3.0620764998378526e-12,3.0737288784333475e-12,-35.728569187304934,-25.13983963525925,-25.12334442559485,1.015577395067666e-11,(8.058195804175787e-05-5.017284018961131e-06j),-5.886339399427739
150.0,6.830955604992273e-13,-7.437185539285077e-12,7.468490362216771e-12,-31.655185371757398,-21.285913838100075,-21.26767175107873,3.983789978847067e-11,(5e-05+0j),5.98532878299841,0.0,0.0,0.0,-210.0,-210.0,-210.0,4.440846094143245e-11,0j,6.928714529601466,4.992800835097968e-13,-4.1334020235544895e-12,4.163447236379236e-12,-33.0165575778689,-23.836923522502993,-23.80546934811266,9.915660780374616e-12,(-0.0001114857018206943+1.071702212724916e-05j),-6.094166694831866,4.991236598538128e-13,4.138056911813104e-12,4.168049835742139e-12,-33.01791842875994,-23.832035406600333,-23.800670969881814,9.91547622400846e-12,(0.00011162546183079971-1.0710975246103898e-05j),-6.094328363447046
160.0,2.0911815592341775e-12,-1.2843104860815823e-11,1.3012239729562013e-11,-26.796082595063343,-18.913299715231314,-18.856479441400406,6.940895430457257e-11,(5e-05+0j),10.807710116627574,0.0,0.0,0.0,-210.0,-210.0,-210.0,7.228180682553778e-11,0j,11.159980088060312,1.3241519770401569e-12,-6.644217069783232e-12,6.774879993675034e-12,-28.78062166707423,-21.775561873782184,-21.69098393227921,9.765676015801288e-12,(-0.00018229513276451546+3.185382334337673e-05j),-6.226553670950117,1.3244479960794922e-12,6.651702176871601e-12,6.782278698499301e-12,-28.779650894310038,-21.770672041062767,-21.68624368091774,9.765348118615853e-12,(0.0001825259320372348-3.186066883716639e-05j),-6.226845317588406
170.0,1.7725053784505063e-11,-3.179804208508909e-11,3.6404574054762596e-11,-17.514124383294757,-14.975996201985742,-14.388440459679227,1.9418662485171013e-10,(5e-05+0j),19.74378635375851,0.0,0.0,0.0,-210.0,-210.0,-210.0,1.9576394478370258e-10,0j,19.81405424225596,9.602473422940908e-12,-1.561695484963035e-11,1.8332942333779357e-11,-20.1761688617123,-18.06403645294192,-17.367678276304833,9.696291882021423e-12,(-0.000435852022963637+0.000253988023406179j),-6.2884863064490215,9.610334127866377e-12,1.5634714689534753e-11,1.8352188574455826e-11,-20.17261512709599,-18.059100395819854,-17.363121369087605,9.695382490743215e-12,(0.0004364357839985643-0.0002542215697596816j),-6.289300972798538
180.0,1.6758210040722996e-11,2.8489049925465722e-11,3.3052436663953646e-11,-17.7577237060736,-15.453220337021731,-14.807965183053787,1.7630589812607707e-10,(5e-05+0j),18.904736914755805,0.0,0.0,0.0,-210.0,-210.0,-210.0,1.7789424123827398e-10,0j,18.982637874827127,7.747969579406708e-12,1.480299412338098e-11,1.6708071930066126e-11,-21.108120931054486,-18.29650433270714,-17.770736637179315,9.738477581545197e-12,(0.00040053143902456093+0.00022111586934368433j),-6.250778536718453,7.759355191492055e-12,-1.4819286375908654e-11,1.672778651462669e-11,-21.101743674547244,-18.291727093436737,-17.765615227604002,9.73915737490319e-12,(-0.00040098326757323667-0.00022146271045708462j),-6.25017224030723
190.0,2.900814172340221e-12,1.2178190859989097e-11,1.2518907919014816e-11,-25.374800914359223,-19.14417223844434,-19.02433554946041,6.6777464754873e-11,(5e-05+0j),10.471998622516129,0.0,0.0,0.0,-210.0,-210.0,-210.0,6.973016484998654e-11,0j,10.847813925267292,1.1507324732642482e-12,6.4414787895025035e-12,6.543457359885177e-12,-29.390256310962428,-21.910144189141242,-21.841927233005126,9.833017932873586e-12,(0.0001740367590677729+3.4753430317006994e-05j),-6.166863289213428,1.153231995873344e-12,-6.448623238495411e-12,6.55093014070285e-12,-29.380833168227902,-21.905329960231576,-21.836970318715302,9.833359152085305e-12,(-0.00017424407482432357-3.4829130698426834e-05j),-6.166561882156818
200.0,1.2569940469162077e-12,7.2053514129130925e-12,7.314172750048461e-12,-29.00666779114013,-21.423448333139305,-21.35834786477219,3.901476696826758e-11,(5e-05+0j),5.803980431860266,0.0,0.0,0.0,-210.0,-210.0,-210.0,4.3699219142854405e-11,0j,6.788873620188614,4.327328649129895e-13,4.0767192970779885e-12,4.099621684929459e-12,-33.63780120035051,-23.896891909091313,-23.872562183359165,1.0020126766127198e-11,(0.00010827412317350158+1.3547892938227793e-05j),-6.003135595466889,4.339959469249839e-13,-4.081241980208798e-12,4.104252499903721e-12,-33.62514326331576,-23.89207654784707,-23.86765928612226,1.0020354414682549e-11,(-0.00010840439728181702-1.3585320684277057e-05j),-6.002938261858951
210.0,7.528079463002139e-13,4.8203054517186885e-12,4.8787359481613325e-12,-31.233158053404694,-23.169254406423182,-23.11692686573064,2.602386582304774e-11,(5e-05+0j),2.28683630856568,0.0,0.0,0.0,-210.0,-210.0,-210.0,3.258320359358903e-11,0j,4.239275728293577,2.285727601148795e-13,3.0477838823259622e-12,3.056342929062845e-12,-36.409755273820686,-25.16015831965294,-25.14797918471973,1.0304046864720787e-11,(7.877673330087383e-05+7.250350338924307e-06j),-5.760443407834163,2.294175321744549e-13,-3.0511620893111068e-12,3.0597749099105862e-12,-36.393733962182,-25.15534720373475,-25.143105208972848,1.0304222247360598e-11,(-7.887186297660883e-05-7.27453168910056e-06j),-5.760295568707491
220.0,5.303789556847196e-13,3.3536582036915534e-12,3.395338743604365e-12,-32.75413716147997,-24.744812016627783,-24.69116890856437,1.8111277620903e-11,(5e-05+0j),-0.8616181580897341,0.0,0.0,0.0,-210.0,-210.0,-210.0,2.6692396070167706e-11,0j,2.5071512952134505,1.4495897584051952e-13,2.4993222016404776e-12,2.5035224329511682e-12,-38.38754888019788,-26.02177752927361,-26.01448512727922,1.069750128368372e-11,(6.225278456499943e-05+4.537201357940206e-06j),-5.43495296786674,1.4560830726638412e-13,-2.5020890023035737e-12,2.5063222367831065e-12,-38.36813846884026,-26.01697245992783,-26.009630926954177,1.0697647214207295e-11,(-6.232807914313739e-05-4.554938878714556e-06j),-5.434834479656879
230.0,4.121702979190599e-13,2.3042279212711314e-12,2.3408012875193327e-12,-33.84923307837316,-26.374745651556477,-26.30635452342146,1.2486306335377262e-11,(5e-05+0j),-4.091920201691425,0.0,0.0,0.0,-210.0,-210.0,-210.0,2.327428780761895e-11,0j,1.3169280959397345,1.0393094859231163e-13,2.1802646053611103e-12,2.1827403399089263e-12,-39.8325510882914,-26.61490795535503,-26.609979251483907,1.1220365902391483e-11,(5.179127597310663e-05+3.1103533103136094e-06j),-5.020459518551554,1.0447468733820606e-13,-2.1826747402703078e-12,2.1851736732142073e-12,-39.80988919897138,-26.610109775434303,-26.605140404687635,1.1220493278650753e-11,(-5.185396047228161e-05-3.124348772337664e-06j),-5.020360914828621
240.0,3.426280380052037e-13,1.4677052382219191e-12,1.5071670905149688e-12,-34.65177100644575,-28.333611557737722,-28.218385974093387,8.039718307919391e-12,(5e-05+0j),-7.91578326532398,0.0,0.0,0.0,-210.0,-210.0,-210.0,2.1272827383171513e-11,0j,0.5359044078632907,8.205692057557899e-14,1.9931781686679384e-12,1.994866549488668e-12,-40.8588478522589,-27.004538783136294,-27.000861519868586,1.1902040237884729e-11,(4.464603201911749e-05+2.259284137412241e-06j),-4.5081716297876895,8.254086155020941e-14,-1.9953780874439763e-12,1.9970845514592096e-12,-40.83331002328617,-26.999748013641746,-26.996035478209144,1.190215513186534e-11,(-4.470008175352182e-05-2.2708587332542148e-06j),-4.508087782682574
250.0,3.00109505783858e-13,7.409405390465228e-13,7.994114071392672e-13,-35.22720248346909,-31.302166430329997,-30.97229658900167,4.264773970099045e-12,(5e-05+0j),-13.422679536807765,0.0,0.0,0.0,-210.0,-210.0,-210.0,2.0220801747955628e-11,0j,0.09536751123645434,7.059657083068807e-14,1.8947287069170814e-12,1.8960434458705654e-12,-41.512163939266536,-27.224529648639724,-27.221517154759734,1.2785980389275005e-11,(3.951465652675922e-05+1.7048828475827768e-06j),-3.8859192334503234,7.104875565336973e-14,-1.8968165351506605e-12,1.898146699731306e-12,-41.48443523895659,-27.219746731307808,-27.21670225827711,1.2786086562005665e-11,(-3.956249494666463e-05-1.7147736863774084e-06j),-3.88584710751519
260.0,2.754062071127577e-13,6.039563308868392e-14,2.819507251496582e-13,-35.600262758276756,-42.189944619426115,-35.498267841113076,1.5058462922750586e-12,(5e-05+0j),-22.46498703406828,0.0,0.0,0.0,-210.0,-210.0,-210.0,1.9912306810852128e-11,0j,-0.038168407165305354,6.606929225399111e-14,1.8657636972658094e-12,1.8669331336215357e-12,-41.80000345406492,-27.291433613784115,-27.28871236533638,1.3937667097499073e-11,(3.5701965868533424e-05+1.3188427456056827e-06j),-3.1367981704224994,6.65102923791621e-14,-1.8678160147092134e-12,1.8689998083992866e-12,-41.77111143003654,-27.286659052642705,-27.283907431429103,1.3937767072365818e-11,(-3.574518425013722e-05-1.3274999657839897e-06j),-3.1367358667716334
270.0,2.652690761633306e-13,-6.232711687646035e-13,6.773733332378399e-13,-35.76313375100222,-32.053229622080146,-31.691719046143554,3.6140467246641918e-12,(5e-05+0j),-14.860724651423027,0.0,0.0,0.0,-210.0,-210.0,-210.0,2.0291906235662542e-11,0j,0.12585702417685193,6.751385081342417e-14,1.90110922353804e-12,1.902307651215509e-12,-41.70607120283647,-27.209929311002576,-27.207192453268338,1.545911420172684e-11,(3.280433250515831e-05+1.0351424629564547e-06j),-2.23690780381121,6.796209543686104e-14,-1.903196452578569e-12,1.9044095104582465e-12,-41.6773323924036,-27.20516380463743,-27.20239658362606,1.54592097859148e-11,(-3.2844037357117893e-05-1.0428591530437285e-06j),-2.2368540988491867
280.0,2.707837488903368e-13,-1.360330655374102e-12,1.3870195855191228e-12,-35.67377403424979,-28.66355514901595,-28.579174063940357,7.398988606837713e-12,(5e-05+0j),-8.637152741602879,0.0,0.0,0.0,-210.0,-210.0,-210.0,2.1428518110686167e-11,0j,0.599242855569513,7.58933555108284e-14,2.007152882285124e-12,2.0085871886169576e-12,-41.19796245070252,-26.97419546593681,-26.971093116976146,1.751696294621982e-11,(3.057240700324389e-05+8.167372828920272e-07j),-1.1514236871771613,7.636928887626703e-14,-2.0093518499358406e-12,2.0108026072004313e-12,-41.17081253374763,-26.969440089430737,-26.966305603387177,1.7517055509950606e-11,(-3.060940458864397e-05-8.237128279950095e-07j),-1.1513777890252783
290.0,2.9871533852974323e-13,-2.217727443167821e-12,2.2377546482250062e-12,-35.24742476532804,-26.54091829332803,-26.501875320897224,1.1936768994111318e-11,(5e-05+0j),-4.482864127696064,0.0,0.0,0.0,-210.0,-210.0,-210.0,2.3548373376215368e-11,0j,1.4186183515753719,9.487216783275373e-14,2.2048681565162577e-12,2.2069083161401805e-12,-40.22861175660004,-26.5661737472647,-26.562157088054875,2.040155636344909e-11,(2.884481895936546e-05+6.413080697978497e-07j),0.17266607668475417,9.54036653255166e-14,-2.207277686135654e-12,2.2093385080312863e-12,-40.20434939760606,-26.561430270693272,-26.55737737769526,2.0401647001463027e-11,(-2.8879720744952936e-05-6.47681088099447e-07j),0.17270466540922302
300.0,3.6791771748307203e-13,-3.307139652300005e-12,3.3275420548286015e-12,-34.34249297735991,-24.805474655209192,-24.778764470284685,1.7749751106341504e-11,(5e-05+0j),-1.0367545614013918,0.0,0.0,0.0,-210.0,-210.0,-210.0,2.7159878732641398e-11,0j,2.6579566169586926,1.3407078854468105e-13,2.5412416641747624e-12,2.54477585890756e-12,-38.72665836285701,-25.949540329319042,-25.943504638287674,2.4665528197612092e-11,(2.7513418596080483e-05+4.945305004446837e-07j),1.8212084878342827,1.347038241164461e-13,-2.5440099900407525e-12,2.547573737825609e-12,-38.7062007488506,-25.944811875947504,-25.938732367749964,2.466561782772247e-11,(-2.754670489268872e-05-5.003955309973624e-07j),1.8212400507437123
310.0,5.324240705217598e-13,-4.855354244197534e-12,4.884459051677879e-12,-32.73742318602188,-23.137790786936026,-23.11183526905285,2.605448667116382e-11,(5e-05+0j),2.297050507950723,0.0,0.0,0.0,-210.0,-210.0,-210.0,3.34238626968953e-11,0j,4.46053285843547,2.2061639158411048e-13,3.1228138312950055e-12,3.1305970384517685e-12,-36.563622230378805,-25.054539057638006,-25.043728299363714,3.1501935875371354e-11,(2.6503632485052745e-05+3.666493027232985e-07j),3.9461449492794216,2.2144307190294667e-13,-3.126200505669316e-12,3.1340336047561615e-12,-36.54737902560922,-25.049831710022993,-25.038963511086788,3.150202529550611e-11,(-2.6535691563287457e-05-3.7206140292863463e-07j),3.946169604663226
320.0,9.8484924619594e-13,-7.435145011160062e-12,7.500087291139421e-12,-30.066302431632366,-21.287105568081355,-21.249336819630255,4.000653303098588e-11,(5e-05+0j),6.022018427096478,0.0,0.0,0.0,-210.0,-210.0,-210.0,4.543754937973297e-11,0j,7.127698090269358,4.5071180984385474e-13,4.229333472516413e-12,4.2532814105441535e-12,-33.46101062113576,-23.737280704539423,-23.712758820394875,4.403370901595735e-11,(2.57618321270299e-05+2.5079050935730293e-07j),6.855105450383555,4.519690554297687e-13,-4.233885975548643e-12,4.2579415779239575e-12,-33.448912986314184,-23.732608423149166,-23.708003016950915,4.403379889682731e-11,(-2.579297933058341e-05-2.557510937575955e-07j),6.855123179858035
330.0,2.7958700276913277e-12,-1.3029598789326856e-11,1.3326189771370156e-11,-25.53483021613213,-18.850689569861167,-18.752940064609447,7.10836606478341e-11,(5e-05+0j),11.014795784584951,0.0,0.0,0.0,-210.0,-210.0,-210.0,7.459062798586078e-11,0j,11.43308535742916,1.3580410424216713e-12,6.839146594091262e-12,6.972675355153992e-12,-28.67087104703596,-21.649980872565017,-21.566005548936623,7.367787375370115e-11,(2.5241499389195457e-05+1.442529313711373e-07j),11.326141770789677,1.3606589235566463e-12,-6.846383470736193e-12,6.980283614196782e-12,-28.66250725774831,-21.64538779378594,-21.561269313054446,7.367796421104562e-11,(-2.5271941428818642e-05-1.4862667004488797e-07j),11.326152434805735
340.0,2.296622312156187e-11,-3.0285431850912307e-11,3.800861464017883e-11,-16.38910420230829,-15.187662291946356,-14.201179595231885,2.027428061754282e-10,(5e-05+0j),20.11830915264639,0.0,0.0,0.0,-210.0,-210.0,-210.0,2.0383564619429612e-10,0j,20.16500277647524,1.1404791490459411e-11,1.5141334574473617e-11,1.89559827399427e-11,-19.42912650358458,-18.198358439386144,-17.22253695412131,2.034945962703597e-10,(2.484555865407744e-05+1.2332160452340597e-07j),20.15045771016888,1.1418514060697295e-11,-1.515580247019782e-11,1.8975795421272757e-11,-19.4239040898228,-18.194210636413132,-17.218000104348917,2.0349467460783104e-10,(-2.4874408057751603e-05-1.2642891438907173e-07j),20.15046105389649
350.0,1.5261256012015182e-11,2.5154754769435915e-11,2.942223007480447e-11,-18.164097221714314,-15.99379912200285,-15.313244127615636,1.5694193289410142e-10,(5e-05+0j),17.89418002810827,0.0,0.0,0.0,-210.0,-210.0,-210.0,1.5630542310876321e-10,0j,17.85888101439166,7.549655166760455e-12,-1.26415026526314e-11,1.4724295652202842e-11,-21.220728844758728,-18.98201299870193,-18.319654708483565,1.5641670502702292e-10,(2.5108072299153735e-05+6.175829186478306e-08j),17.865062748362817,7.554389148882635e-12,1.2656679445256668e-11,1.4739753389820953e-11,-21.218006471416267,-18.97680219101989,-18.315097825784527,1.564166267139712e-10,(-2.5137358991003845e-05-6.817660765862135e-08j),17.86505839960292
360.0,3.079089229490844e-12,1.1689186228542146e-11,1.208792228502094e-11,-25.1157772541509,-19.322157222646243,-19.176483408013162,6.44785846292948e-11,(5e-05+0j),10.167710000615909,0.0,0.0,0.0,-210.0,-210.0,-210.0,6.572729893235338e-11,0j,10.334315792459387,1.4990309217973211e-12,-5.993251560969068e-12,6.177876494197881e-12,-28.241894084943233,-22.22337492827821,-22.091607782010453,6.539222576527813e-11,(2.5198299128759202e-05-1.4286337447860843e-07j),10.289922481973006,1.499317278096394e-12,6.0000589816038275e-12,6.1845501116187215e-12,-28.241064541790585,-22.21844480406494,-22.08691887166274,6.539213135333774e-11,(-2.5228525807648493e-05+1.3742230955192125e-07j),10.289909941456497
370.0,1.4101967099097672e-12,7.107934892927598e-12,7.246474536127067e-12,-28.507203028980204,-21.48256558887526,-21.398732295516282,3.8653751061379125e-11,(5e-05+0j),5.723232994219305,0.0,0.0,0.0,-210.0,-210.0,-210.0,4.173192064797285e-11,0j,6.388767544971464,6.75038252949388e-13,-3.860293358290648e-12,3.918869920654148e-12,-31.70671615948065,-24.133796903941068,-24.06839151852259,4.0936829207981377e-11,(2.5532079332945014e-05-2.863646518187057e-07j),6.22168410737514,6.749558008078064e-13,3.864619773371326e-12,3.923117551868252e-12,-31.707246658264033,-24.128932283820706,-24.063686785228086,4.0936728459289574e-11,(-2.556284967171957e-05+2.8131574379227867e-07j),6.22166273070499
380.0,8.831110904589442e-13,4.842386409077493e-12,4.922254700125746e-12,-30.539846611578255,-23.149405580098716,-23.07835917655313,2.6256148670016203e-11,(5e-05+0j),2.364020543095178,0.0,0.0,0.0,-210.0,-210.0,-210.0,3.119467173259882e-11,0j,3.86100848327768,4.183618930593699e-13,-2.8979023609194854e-12,2.927945485658322e-12,-33.78447880516823,-25.379162513107513,-25.33437013507831,2.991462388289014e-11,(2.610279743392637e-05-4.3781886963125285e-07j),3.4970710231199025,4.1822281108364083e-13,2.9011300326745734e-12,2.9311202271822756e-12,-33.78592283193201,-25.37432805079643,-25.32966367528477,2.99145170118166e-11,(-2.6134318164646065e-05+4.3299738280532346e-07j),3.497039992410238
390.0,6.499489350914284e-13,3.432778111617378e-12,3.4937657594386396e-12,-31.871207634789805,-24.643542676533432,-24.56706215779361,1.8636518190788843e-11,(5e-05+0j),-0.6133043621180483,0.0,0.0,0.0,-210.0,-210.0,-210.0,2.551825835923769e-11,0j,2.116420689282909,3.079504349328377e-13,-2.3745186476371633e-12,2.39440436817843e-12,-35.115191781988344,-26.244244154548326,-26.208025038716496,2.3710031487592094e-11,(2.692921987576999e-05-6.123415939590433e-07j),1.4780427013987865,3.078091053964914e-13,2.377153623441435e-12,2.39699933141537e-12,-35.117185373149276,-26.23942751104364,-26.20332087102206,2.370991760856237e-11,(-2.696178223478478e-05+6.076799924554239e-07j),1.4780009830628074
400.0,5.281694858763162e-13,2.420910322217668e-12,2.4778558864532265e-12,-32.77226693054006,-26.160212978310287,-26.05923956046382,1.3217690819764809e-11,(5e-05+0j),-3.5974881352960253,0.0,0.0,0.0,-210.0,-210.0,-210.0,2.2168848019631364e-11,0j,0.8942626078140403,2.533343289849286e-13,-2.064152468601281e-12,2.079640280403081e-12,-35.96305955576461,-26.85258226702478,-26.820117793383957,1.97683683739698e-11,(2.8048098077491427e-05-8.227039023334057e-07j),-0.1011834065447006,2.532030475061783e-13,2.066437310282085e-12,2.0818921539292745e-12,-35.96531071533229,-26.84777765418099,-26.81541771543308,1.9768246118203585e-11,(-2.808205336378859e-05+8.181700886702642e-07j),-0.10123712384480954
410.0,4.599761949117106e-13,1.6165839078616239e-12,1.6807503178766963e-12,-33.372646437227786,-27.91401748661112,-27.74496797936049,8.966107210987835e-12,(5e-05+0j),-6.968521361738276,0.0,0.0,0.0,-210.0,-210.0,-210.0,2.0153145030693725e-11,0j,0.06625669218721263,2.260229066871268e-13,-1.8766241116719188e-12,1.890186342892075e-12,-36.45847544287601,-27.26622707972547,-27.234953790539862,1.7069990534457808e-11,(2.9515693589942835e-05-1.0853431029336184e-06j),-1.3759343074276955,2.2590447438282644e-13,1.8786975541297895e-12,1.8922307817598346e-12,-36.460751671295384,-27.261431300350818,-27.230258969339225,1.7069858082146193e-11,(-2.9551468312844496e-05+1.0809261963557475e-06j),-1.3760017046896995
420.0,4.2312244242901287e-13,9.236309679645578e-13,1.0159363987328338e-12,-33.735339390634216,-30.345015142664952,-29.9313347959537,5.420486009650416e-12,(5e-05+0j),-11.339835356509875,0.0,0.0,0.0,-210.0,-210.0,-210.0,1.9021027156800274e-11,0j,-0.4359206008042438,2.1523040432575377e-13,-1.770667668256854e-12,1.783700680707498e-12,-36.67096378460104,-27.518629426980098,-27.486780219460847,1.512934757075219e-11,(3.141474662730956e-05-1.424216982745258e-06j),-2.424195910028714,2.1512554518344093e-13,1.7726212329222089e-12,1.7856273507081831e-12,-36.67308016049113,-27.513840529072905,-27.482091705411996,1.5129202534868628e-11,(-3.14528731030489e-05+1.419926400126186e-06j),-2.4242791767862943
430.0,4.087968137998808e-13,2.8404866351194024e-13,4.977936100592835e-13,-33.884924977914515,-35.46607249797231,-33.0295068252414,2.658212416439805e-12,(5e-05+0j),-17.52880626826577,0.0,0.0,0.0,-210.0,-210.0,-210.0,1.8562468620564956e-11,0j,-0.6478852633422266,2.1693350202236851e-13,-1.7268483274414517e-12,1.7404210094936881e-12,-36.6367337274423,-27.627458057144874,-27.59345682761472,1.3686425689465057e-11,(3.386719249223225e-05-1.8765273515510787e-06j),-3.2947990382871826,2.1684317006607278e-13,1.7287513102540043e-12,1.7422979231776752e-12,-36.638542523223634,-27.62267477722333,-27.588775810566617,1.368626488876468e-11,(-3.390835743228525e-05+1.8723998054082916e-06j),-3.294901088696384
440.0,4.150459656673348e-13,-3.447531481339624e-13,5.395534141908549e-13,-33.81903803215076,-34.62491759348006,-32.679655549846586,2.880891877377938e-12,(5e-05+0j),-16.830060731283243,0.0,0.0,0.0,-210.0,-210.0,-210.0,1.8699951201976262e-11,0j,-0.5837904485818242,2.306675875330165e-13,-1.7377913352491105e-12,1.7530334454325702e-12,-36.370134264780376,-27.60002372530829,-27.562097980943115,1.2589897139845751e-11,(3.705641131357058e-05-2.503246376052848e-06j),-4.020156275030048,2.3059419339933593e-13,1.7397044607087732e-12,1.7549203094840215e-12,-36.371516328885754,-27.595245229730473,-27.557425999600568,1.2589716215795427e-11,(-3.710153361506167e-05+2.499363055821734e-06j),-4.02028109714799
450.0,4.454028534801534e-13,-1.0022274825221533e-12,1.0967422799413525e-12,-33.51247004978866,-29.990336924495846,-29.598954139466514,5.85164209841561e-12,(5e-05+0j),-10.67504479947206,0.0,0.0,0.0,-210.0,-210.0,-210.0,1.945424895060932e-11,0j,-0.24031053086692483,2.589539008815741e-13,-1.8049629896782579e-12,1.8234441359389265e-12,-35.86777542384717,-27.43531698768459,-27.391075374366277,1.1746135791561821e-11,(4.126745376887333e-05-3.4103434408848168e-06j),-4.622699569067804,2.589027582716142e-13,1.8069482933092627e-12,1.8254020852770788e-12,-35.86863322698537,-27.430542748058393,-27.386414576823896,1.1745928552541925e-11,(-4.131781468067171e-05+3.4068665939131737e-06j),-4.62285281700968
460.0,5.108241803808559e-13,-1.734921916896163e-12,1.808561693995654e-12,-32.91728553152113,-27.60720066593123,-27.42666671914867,9.648046088144568e-12,(5e-05+0j),-6.3318125252787905,0.0,0.0,0.0,-210.0,-210.0,-210.0,2.095233749684355e-11,0j,0.4040497070878713,3.0846655312361996e-13,-1.939122841185124e-12,1.9635042672736503e-12,-35.107919194146376,-27.123946779976187,-27.0696815054259,1.1094535413052084e-11,(4.696387167360617e-05-4.7954187685197455e-06j),-5.118417498498302,3.084486458461205e-13,1.9412539288761856e-12,1.9656061109748138e-12,-35.1081713205916,-27.119176523000775,-27.065035063252306,1.10942926519147e-11,(-4.7021345702538965e-05+4.792671923249144e-06j),-5.118607557787746
470.0,6.368649621445836e-13,-2.6105788717497547e-12,2.687139561994063e-12,-31.9595264366551,-25.832631811936405,-25.70709777024256,1.4334219254593715e-11,(5e-05+0j),-2.8931190512092577,0.0,0.0,0.0,-210.0,-210.0,-210.0,2.348337873101641e-11,0j,1.3946117326704257,3.940160193156418e-13,-2.164665249187536e-12,2.2002327750757377e-12,-34.04486120918183,-26.646092548169136,-26.5753137027637,1.0594570704115116e-11,(5.494506586325046e-05-7.061246361033626e-06j),-5.518932640641956,3.9405441114769535e-13,2.167042223779686e-12,2.2025782343855494e-12,-34.04443806525511,-26.641326265777955,-26.570686567372476,1.0594277905535506e-11,(-5.501256087997152e-05+7.059905311404201e-06j),-5.51917269296341
480.0,8.851840040467457e-13,-3.74568418906325e-12,3.848857072589036e-12,-30.52966442707951,-24.26468842211445,-24.146682161432405,2.0530793231551546e-11,(5e-05+0j),0.2275146702653012,0.0,0.0,0.0,-210.0,-210.0,-210.0,2.7653665448463073e-11,0j,2.814454176414088,5.501737094488444e-13,-2.531177010883612e-12,2.5902795546030156e-12,-32.59500166607358,-25.96677482592867,-25.866533623783074,1.0218564854379826e-11,(6.66962778025265e-05-1.113141272834298e-05j),-5.832801800807673,5.503206103082256e-13,2.5339539186233042e-12,2.5930243415433678e-12,-32.593842219235015,-25.96201287270095,-25.861934063512244,1.0218197313034264e-11,(-6.677865101791841e-05+1.1133018838510408e-05j),-5.833114220508912
490.0,1.4267470498017901e-12,-5.3704108977369046e-12,5.5567004917171326e-12,-28.45653016803275,-22.699924845438645,-22.55183011222541,2.964051689623984e-11,(5e-05+0j),3.417115546029001,0.0,0.0,0.0,-210.0,-210.0,-210.0,3.482093066834354e-11,0j,4.816207575548614,8.699577393125245e-13,-3.142239331645614e-12,3.260443909275305e-12,-30.605018439666157,-25.027607395842143,-24.86723266734472,9.947389217877186e-12,(8.523481712720183e-05-1.9499324215854746e-05j),-6.066417689421862,8.703485565181616e-13,3.1456827434909347e-12,3.263866806799858e-12,-30.60306786626306,-25.02285080091312,-24.86267572421888,9.946900347029587e-12,(-8.534098975115123e-05+1.950792210879877e-05j),-6.066844573550246
500.0,2.8590060820948845e-12,-7.9874811308887e-12,8.483735650865046e-12,-25.437849207464403,-20.97590154781662,-20.714128723524617,4.5253586727133803e-11,(5e-05+0j),7.092460214592523,0.0,0.0,0.0,-210.0,-210.0,-210.0,4.8512332702966904e-11,0j,7.696443248039508,1.668241497294977e-12,-4.222190807212035e-12,4.5398155145118836e-12,-27.77741079986727,-23.744621441579614,-23.429617953053206,9.767618055744812e-12,(0.00011712535263680303-4.069976631962885e-05j),-6.2248265332112425,1.6693142480486197e-12,4.226809726828525e-12,4.544505531468783e-12,-27.774618997815974,-23.739873018393816,-23.425133636272516,9.766907683667649e-12,(-0.00011727361155410894+4.07286023910078e-05j),-6.225458257118875
510.0,8.092934764968464e-12,-1.2301396922392822e-11,1.472480761681764e-11,-20.91893960327627,-19.10045568134659,-18.319503706665188,7.854416309536533e-11,(5e-05+0j),11.881678417929063,0.0,0.0,0.0,-210.0,-210.0,-210.0,7.979184437655085e-11,0j,12.018570163542625,4.4182520364899055e-12,-6.00987835908537e-12,7.459194926327496e-12,-23.547495136943798,-22.211343180991932,-21.273080435623378,9.669439387893008e-12,(0.000170466796074396-0.00011535229767556263j),-6.3125740051508386,4.421996402900388e-12,6.016426523011152e-12,7.466688710134904e-12,-23.543816150366233,-22.206613828512552,-21.268719542414168,9.6682834984776e-12,(-0.00017069205093236362+0.00011546230996666037j),-6.313612382623408
520.0,2.560148581268053e-11,-4.546845622789182e-12,2.6002113009029855e-11,-15.917348291599032,-23.422897909695028,-15.849913585340033,1.3869866710308514e-10,(5e-05+0j),16.820845837017146,0.0,0.0,0.0,-210.0,-210.0,-210.0,1.3813596088116836e-10,0j,16.785535146955695,1.2851240050863481e-11,-1.3266461349243779e-12,1.2919534078759474e-11,-18.910549640631523,-28.77244903920884,-18.88753148157682,9.665684721964394e-12,(5.033331595632522e-05-0.00035305109441823257j),-6.315947411404491,1.2864881348611608e-11,1.327956457342619e-12,1.2933237818367556e-11,-18.905942148854944,-28.768161649121673,-18.882927364792504,9.664757326421076e-12,(-5.045352660786144e-05+0.0003534684087618968j),-6.316780838320037
530.0,1.1789581630647749e-11,1.215748732331218e-11,1.693513309785911e-11,-19.28501606162324,-19.151561746011126,-17.71211385766406,9.033426269053953e-11,(5e-05+0j),13.096450170545168,0.0,0.0,0.0,-210.0,-210.0,-210.0,9.112603831924432e-11,0j,13.17224988361119,5.383720808018655e-12,6.6444295485280155e-12,8.551777228392075e-12,-22.68917470084377,-21.775422990795768,-20.679436209120205,9.767291006152475e-12,(-0.00017641648321759795-0.00015295171845045735j),-6.225117368111624,5.390631137833429e-12,-6.651777475626766e-12,8.561836698362969e-12,-22.683603844177348,-21.770622878235123,-20.67433059808903,9.768027680120594e-12,(0.00017660381578382504+0.00015316556741892007j),-6.224462280893226
540.0,4.302852878943668e-12,8.486527481687368e-12,9.51502451890003e-12,-23.6624350284964,-20.712699780765146,-20.215900882588038,5.075456511990942e-11,(5e-05+0j),8.088902305999943,0.0,0.0,0.0,-210.0,-210.0,-210.0,5.361976067862023e-11,0j,8.565897511963975,1.781268274692704e-12,4.704132498271089e-12,5.0300873976221245e-12,-27.492706670361933,-23.275204542666124,-22.98424469024535,9.921628117482862e-12,(-0.0001250619167505849-5.1374916036293646e-05j),-6.088941017736005,1.783960520441829e-12,-4.709308565434677e-12,5.0358814822205155e-12,-27.486147609150414,-23.270428525865373,-22.97924499418686,9.922267878739728e-12,(0.00012520433416200876+5.1457439203290767e-05j),-6.088380956780753
550.0,2.2311535195307156e-12,5.755897826878702e-12,6.173200614039792e-12,-26.514705460804745,-22.398869238418623,-22.094896092867742,3.2928996106638436e-11,(5e-05+0j),4.33096990169152,0.0,0.0,0.0,-210.0,-210.0,-210.0,3.778599218399639e-11,0j,5.526016694746021,8.400821245958864e-13,3.4420450098719957e-12,3.5430794270027654e-12,-30.75678256181645,-24.631834549232664,-24.506191117587306,1.0166382562644625e-11,(-8.976589714086669e-05-2.4101605591557304e-05j),-5.877270948343185,8.415450586049106e-13,-3.4458245289396647e-12,3.547098077288617e-12,-30.7492262576114,-24.627068418193655,-24.501268031163367,1.0166875046863004e-11,(8.987027687532646e-05+2.4145240647703913e-05j),-5.876850192982452
560.0,1.4266763367732051e-12,4.047578627050198e-12,4.2916544725853895e-12,-28.45674542019801,-23.928047060181072,-23.673752509861778,2.2892782117216108e-11,(5e-05+0j),1.1733715843644075,0.0,0.0,0.0,-210.0,-210.0,-210.0,2.9778433694291746e-11,0j,3.457437100902787,4.931747547766221e-13,2.7473432801615312e-12,2.7912571429013314e-12,-33.069991626963755,-25.610870721537164,-25.54200152547944,1.0514479394767737e-11,(-6.945218698469628e-05-1.3752112998687867e-05j),-5.5848444281383784,4.941452999770916e-13,-2.750355588619245e-12,2.7943935730921235e-12,-33.061453310361365,-25.606111533727436,-25.537124262158994,1.0514877104562798e-11,(6.953377128454975e-05+1.3779819478091269e-05j),-5.5845158908967925
570.0,1.0369510211830766e-12,2.857418780888396e-12,3.039754843684989e-12,-29.84241756371103,-25.440261051193083,-25.1716144084128,1.6215262829378356e-11,(5e-05+0j),-1.8221200644181768,0.0,0.0,0.0,-210.0,-210.0,-210.0,2.523854805404608e-11,0j,2.0206874228425633,3.339617345760182e-13,2.341338613702185e-12,2.3650363515544304e-12,-34.76303291914545,-26.305357723658354,-26.2616217959502,1.0982635599640052e-11,(-5.675377924550509e-05-8.809730605575164e-06j),-5.206468431533381,3.3469071124417874e-13,-2.343902394737486e-12,2.3676774079779655e-12,-34.75356340559389,-26.30060477256975,-26.25677469803354,1.0982971355726387e-11,(5.682085282347797e-05+8.829318315391703e-06j),-5.206202894567582
580.0,8.218117239896414e-13,1.9391669860110535e-12,2.106120392884039e-12,-30.8522766737241,-27.123847912407438,-26.76516806716178,1.1235566666999744e-11,(5e-05+0j),-5.008700293361516,0.0,0.0,0.0,-210.0,-210.0,-210.0,2.2555225747079687e-11,0j,1.0443436497513225,2.5141985687075505e-13,2.0980395086909435e-12,2.113050336470252e-12,-35.99600425182912,-26.781863377607138,-26.75090157187684,1.1595756659477215e-11,(-4.822049617596274e-05-6.074977727107876e-06j),-4.734618053775549,2.520168948049983e-13,-2.1003337791867552e-12,2.1153993711023154e-12,-35.98570343842912,-26.77711682913617,-26.74607629096301,1.15960498921517e-11,(4.827771547530519e-05+6.089810971735594e-06j),-4.734398408389725
590.0,6.948603359228604e-13,1.166834141137006e-12,1.358062148563815e-12,-31.581024780478003,-29.329908720678873,-28.670803551212547,7.246117125766296e-12,(5e-05+0j),-8.818492920018944,0.0,0.0,0.0,-210.0,-210.0,-210.0,2.1033315295925714e-11,0j,0.43755472850938026,2.0674004492451237e-13,1.959118799957168e-12,1.969996933632386e-12,-36.84575393690491,-27.07939227812566,-27.055344498320977,1.2390589244563672e-11,(-4.217631190181577e-05-4.400079474054208e-06j),-4.158760711379829,2.0726290368648045e-13,-1.9612579409527743e-12,1.9721791557043866e-12,-36.83478421813224,-27.074652849830876,-27.050536356424306,1.2390852106602678e-11,(4.2226501934751485e-05+4.411853547127907e-06j),-4.158576445208336
600.0,6.20269331109367e-13,4.661416679497788e-13,7.759008298190326e-13,-32.074196917662704,-33.31482074171388,-31.101937836575825,4.142500719866906e-12,(5e-05+0j),-13.675348062053473,0.0,0.0,0.0,-210.0,-210.0,-210.0,2.0354826670522337e-11,0j,0.15274825752473725,1.8435130457226344e-13,1.8970571203559705e-12,1.905993473596062e-12,-37.34353784737927,-27.219195923153812,-27.19878590783773,1.3421923194199217e-11,(-3.77318039047976e-05-3.2944808799703077e-06j),-3.4643049277881444,1.8483606379116623e-13,-1.899124842407668e-12,1.908098408764014e-12,-37.33213288649211,-27.21446485191025,-27.193992306376558,1.3422163752008224e-11,(3.7776797199958714e-05+3.304148047319882e-06j),-3.4641492541319803
610.0,5.831155732126864e-13,-2.1577896844456926e-13,6.217590650293425e-13,-32.342453597622516,-36.659908874269085,-32.06377874150471,3.3214447469898517e-12,(5e-05+0j),-15.59405926833193,0.0,0.0,0.0,-210.0,-210.0,-210.0,2.039487921819641e-11,0j,0.16982284067880787,1.78158334306471e-13,1.9009456747416945e-12,1.909276001630464e-12,-37.49193856396615,-27.210302942324155,-27.191312862103775,1.4773643613622977e-11,(-3.437722755258025e-05-2.5205029619432024e-06j),-2.63084754781067,1.7863227326701551e-13,-1.9030131503943553e-12,1.9113787012589608e-12,-37.480400749235876,-27.205582105968627,-27.186532577000996,1.477386750904075e-11,(3.441827954996269e-05+2.528641469227686e-06j),-2.6307159136516227
620.0,5.801145904305091e-13,-9.268072130263292e-13,1.0933913060510354e-12,-32.36486211478149,-30.330105949021927,-29.61224383662929,5.835215165214981e-12,(5e-05+0j),-10.69946241998701,0.0,0.0,0.0,-210.0,-210.0,-210.0,2.1161538717650613e-11,0j,0.49034495350019275,1.8738477800741367e-13,1.9716503717929777e-12,1.980534837769908e-12,-37.2726569144124,-27.05170095004895,-27.03217513917015,1.657944080720773e-11,(-3.1801956397416445e-05-1.951575021483852e-06j),-1.6292023424800075,1.878738342956205e-13,-1.973788817629667e-12,1.9827099823758533e-12,-37.261337010719686,-27.04699315822615,-27.02740806856301,1.657965216630294e-11,(3.183996624077138e-05+1.9585562838273395e-06j),-1.6290916131680526
630.0,6.186866650334161e-13,-1.7234218698647594e-12,1.8311078971536096e-12,-32.085292445179256,-27.63608400248911,-27.37286064350503,9.769199384730857e-12,(5e-05+0j),-6.223420444514749,0.0,0.0,0.0,-210.0,-210.0,-210.0,2.279998010637432e-11,0j,1.1380894480490782,2.163409414289472e-13,2.122281084297324e-12,2.1332792605996494e-12,-36.64861284748985,-26.731970967424292,-26.709522887611563,1.9064424948169327e-11,(-2.9807420803882006e-05-1.515063715726769e-06j),-0.4161257149000386,2.168767417863605e-13,-2.1245744064689064e-12,2.1356151174194694e-12,-36.63787019933444,-26.727280545236294,-26.70477013554614,1.90646268990927e-11,(2.984305574414916e-05+1.5211354554845203e-06j),-0.4160337050887385
640.0,7.23887057266215e-13,-2.689940150850483e-12,2.7856400497614653e-12,-31.403291882674118,-25.702573826163775,-25.550750022342932,1.4860231407872222e-11,(5e-05+0j),-2.580088464520029,0.0,0.0,0.0,-210.0,-210.0,-210.0,2.5665313281758502e-11,0j,2.166331482975986,2.780190506129744e-13,2.3844634163094503e-12,2.400616665821904e-12,-35.55925444036524,-26.226093363531227,-26.196771832205442,2.263678103030962e-11,(-2.8261954554345492e-05-1.1666114071033697e-06j),1.0756934838946395,2.7865026570560496e-13,-2.3870266257782314e-12,2.403235752636851e-12,-35.549405384881936,-26.22142736684879,-26.192036236833328,2.2636975992647803e-11,(2.829572213392874e-05+1.1719415788904989e-06j),1.0757682919717428
650.0,9.642495442738038e-13,-3.978674075455607e-12,4.093852046952206e-12,-30.158105577192906,-24.002616358796516,-23.878678569234705,2.1838046373295235e-11,(5e-05+0j),0.763675764400479,0.0,0.0,0.0,-210.0,-210.0,-210.0,3.0540590602631685e-11,0j,3.6769487129580454,4.0709361118226544e-13,2.8264003919003274e-12,2.8555672612634673e-12,-33.90305713268009,-25.48766315355217,-25.443076058191046,2.811569330813136e-11,(-2.7075856377490556e-05-8.776123662682417e-07j),2.9583760326263207,4.0791269244371053e-13,-2.8294145381797356e-12,2.8586674156885624e-12,-33.894327811440334,-25.483034192962386,-25.438363685780455,2.8115883094100658e-11,(2.7108143340388406e-05+8.823127259969947e-07j),2.9584346637403542
660.0,1.5509667510631548e-12,-5.915089123365418e-12,6.115045151121885e-12,-28.093975122989526,-22.280387074191083,-22.136003319538293,3.261908913103465e-11,(5e-05+0j),4.248836675809451,0.0,0.0,0.0,-210.0,-210.0,-210.0,3.9300728447297376e-11,0j,5.867412090518825,7.095058245682294e-13,3.6037278189537766e-12,3.672907936253996e-12,-31.490440349246775,-24.43248017690277,-24.3498995738244,3.740016337756713e-11,(-2.6186695271029504e-05-6.287709018809998e-07j),5.43687007394971,7.107321350708265e-13,-3.607518556810197e-12,3.676864194602822e-12,-31.482940479057852,-24.42791426249841,-24.345224105509914,3.740034894231307e-11,(2.621777330431091e-05+6.329096829791874e-07j),5.436913169774965
670.0,3.3446611691030168e-12,-9.305198587980638e-12,9.888047284366233e-12,-24.756478718699228,-20.312743538879865,-20.048894654661986,5.274455245692587e-11,(5e-05+0j),8.42295231964423,0.0,0.0,0.0,-210.0,-210.0,-210.0,5.7381384742191944e-11,0j,9.15482057755028,1.615106626226301e-12,5.109733395551026e-12,5.358912649753635e-12,-27.917988011018444,-22.91601758938002,-22.70923321896333,5.593868327314364e-11,(-2.554940372805773e-05-4.074261422756119e-07j),8.933644874824854,1.6174420922584716e-12,-5.1149529801477286e-12,5.364593452530359e-12,-27.911712590133845,-22.91158354240431,-22.70463184790806,5.593886287502308e-11,(2.5579357482321804e-05+4.110509754769433e-07j),8.933672762495922
680.0,1.1820898526069285e-11,-1.5253302769045424e-11,1.9297587603837838e-11,-19.27349510757425,-18.166361091651282,-17.144969788587897,1.0293605418740501e-10,(5e-05+0j),14.230750418144932,0.0,0.0,0.0,-210.0,-210.0,-210.0,1.0510522767746157e-10,0j,14.4118864329775,5.848150790868463e-12,7.867992423525395e-12,9.803375564028364e-12,-22.32981437897356,-21.041360669558905,-20.08624359367474,1.0406031018765829e-10,(-2.512733809354686e-05-2.1606846535412348e-07j),14.325102409250267,5.855085375863564e-12,-7.875209255835997e-12,9.813304518960793e-12,-22.324667678851956,-21.037378975450313,-20.081847242520308,1.0406046272719616e-10,(2.515566894981514e-05+2.1956922169676542e-07j),14.325115141680316
690.0,2.853915617801025e-11,7.878465900648089e-12,2.960664892047959e-11,-15.445588718889088,-21.035583403461544,-15.28610746197478,1.5792574990778046e-10,(5e-05+0j),17.948459042948,0.0,0.0,0.0,-210.0,-210.0,-210.0,1.5661712004307648e-10,0j,17.876184760169124,1.4106802393361405e-11,-3.8730455653004775e-12,1.4628819354829724e-11,-18.50571417166706,-24.119473936304527,-18.347907229774297,1.561654149454332e-10,(-2.4985945891637967e-05-8.334230347419944e-08j),17.85109727659348,1.4120356465304771e-11,3.880665262952893e-12,1.4643907592933093e-11,-18.501543394767964,-24.110938168637205,-18.34343020298965,1.5616536775357646e-10,(2.501462335029293e-05+8.988396961438659e-08j),17.8510946517913
700.0,7.752984007412051e-12,1.239255617568043e-11,1.4617941359390596e-11,-21.105311118772438,-19.06839103753638,-18.351137846427807,7.79741668695822e-11,(5e-05+0j),11.81841494969294,0.0,0.0,0.0,-210.0,-210.0,-210.0,7.757190219284939e-11,0j,11.773488910764351,3.7705754455766675e-12,-6.195576706636812e-12,7.252751885912431e-12,-24.235923649752642,-22.079182617087735,-21.394971793453976,7.725943357347415e-11,(-2.5039350341251203e-05+1.7127933471328226e-07j),11.738430482643667,3.773504998041897e-12,6.2032456852213914e-12,7.260826192759677e-12,-24.23255070445187,-22.07381017864062,-21.390139591151126,7.725926957936874e-11,(2.5070236217546576e-05-1.6633943563175564e-07j),11.738412045591428
710.0,3.146583306165689e-12,7.916849760556255e-12,8.519242726549128e-12,-25.021607657664443,-21.014475966644927,-20.695990078503883,4.5443135401238613e-11,(5e-05+0j),7.128765854371091,0.0,0.0,0.0,-210.0,-210.0,-210.0,4.6847375916243565e-11,0j,7.3931054780641725,1.4980426847453897e-12,-4.112797768280965e-12,4.377126610928231e-12,-28.244758118132694,-23.858626448012842,-23.58810890985192,4.622136120812546e-11,(-2.525669642763604e-05+4.0343792654827973e-07j),7.2762547107386935,1.4989932248252378e-12,4.117639468765304e-12,4.3820013102241055e-12,-28.242003300787808,-23.853516818997104,-23.583274969206776,4.622117510745413e-11,(2.528793775302659e-05-3.995017948310529e-07j),7.276219738745125
720.0,1.8098068361643284e-12,5.432226280143742e-12,5.725773584670586e-12,-27.42367775663765,-22.650221477535133,-22.421658293623274,3.054267363912481e-11,(5e-05+0j),3.677541118269809,0.0,0.0,0.0,-210.0,-210.0,-210.0,3.3777855279091716e-11,0j,4.552041499397726,8.460301513923177e-13,-3.0383349576114935e-12,3.153925543146024e-12,-30.726141590059342,-25.173643495570204,-25.011485635697383,3.2737212173077476e-11,(-2.5689852397991286e-05+6.452045014273674e-07j),4.280233949021152,8.464790152413886e-13,3.0418428038851578e-12,3.157425274933985e-12,-30.72383803860815,-25.168632331394413,-25.006669188622112,3.2737014187958696e-11,(2.572160322717887e-05-6.418299304662383e-07j),4.280181419133064
730.0,1.2566810656643738e-12,3.893624529837816e-12,4.091400650162986e-12,-29.0077492835783,-24.0964593070033,-23.881279901581397,2.1825051884933936e-11,(5e-05+0j),0.7585057833572589,0.0,0.0,0.0,-210.0,-210.0,-210.0,2.6933683004284053e-11,0j,2.585314974535634,5.816409110101378e-13,-2.4450053779361863e-12,2.5132364487842318e-12,-32.35345054004105,-26.117201812825115,-25.99766650455749,2.5419580889232682e-11,(-2.6356944788011172e-05+9.157443211642331e-07j),2.0827678018008013,5.819087474953834e-13,2.4477987459245823e-12,2.516015995768231e-12,-32.351451142614415,-26.11224292052377,-25.992866021568982,2.5419371743541133e-11,(2.6389506241408647e-05-9.127947917054508e-07j),2.082696336268921
740.0,9.78498646716436e-13,2.810867416008206e-12,2.9763123545761364e-12,-30.094397706436812,-25.51159638865698,-25.263214929009095,1.5877481831369078e-11,(5e-05+0j),-2.00496742433078,0.0,0.0,0.0,-210.0,-210.0,-210.0,2.293800210697588e-11,0j,1.1905118526183986,4.533848749224279e-13,-2.0903181071510192e-12,2.138922072889016e-12,-33.43532972183243,-26.797876173972117,-26.698050377430064,2.0888082903343697e-11,(-2.7286624425030944e-05+1.2318109956301808e-06j),0.37737173677651364,4.5357499563497464e-13,2.0926903215965644e-12,2.1412807052717775e-12,-33.43350894937613,-26.792950342377054,-26.69326396339574,2.0887861136705204e-11,(2.732033847467462e-05-1.2292481788346992e-06j),0.37727951908560875
750.0,8.236090005060664e-13,1.9691802713023565e-12,2.1344794978169792e-12,-30.842789160016014,-27.05714523959328,-26.70708012341747,1.1387713767067701e-11,(5e-05+0j),-4.891869062968658,0.0,0.0,0.0,-210.0,-210.0,-210.0,2.0504895366703165e-11,0j,0.21655123655754738,3.8660210011846574e-13,-1.8710660597811678e-12,1.910588753206988e-12,-34.12735791105749,-27.27910879046234,-27.188327830827383,1.783969622718017e-11,(-2.852228444793604e-05+1.614495165302813e-06j),-0.9928508138033441,3.8675766204135397e-13,1.873179344604137e-12,1.9126898196517065e-12,-34.12561073751882,-27.274206397933867,-27.18355453671595,1.783945931191113e-11,(2.8557545106259035e-05-1.6123312419758884e-06j),-0.9929661651814446
760.0,7.353456972276228e-13,1.2606184352871867e-12,1.459414997119426e-12,-31.335084444496836,-28.99416346040362,-28.358211951994633,7.787964929159463e-12,(5e-05+0j),-8.19212017061562,0.0,0.0,0.0,-210.0,-210.0,-210.0,1.9059698562468732e-11,0j,-0.4182793573191837,3.536376646843739e-13,-1.738795855621042e-12,1.7743930301396952e-12,-34.51441486041707,-27.59751403610633,-27.50950177111177,1.5672870608035932e-11,(-3.0127173041904605e-05+2.0935821714541168e-06j),-2.1176289500184375,3.537810532066471e-13,1.7407524710437268e-12,1.7763389876520882e-12,-34.51265429504696,-27.592629796595528,-27.504741520605528,1.56726150667373e-11,(3.0164452621197898e-05-2.0918716529607805e-06j),-2.1177705719119992
770.0,6.901758626710626e-13,6.224203251071065e-13,9.293813977696034e-13,-31.610402332393562,-32.05916233920465,-30.318060244834296,4.96278762837838e-12,(5e-05+0j),-12.106086094994183,0.0,0.0,0.0,-210.0,-210.0,-210.0,1.8326885575223445e-11,0j,-0.7588265468394989,3.432795387497357e-13,-1.669518774289473e-12,1.7044452996295469e-12,-34.64352082018204,-27.774086927974064,-27.684169319242308,1.4073229072433469e-11,(-3.21928481788053e-05+2.71375537073913e-06j),-3.052724777033892,3.434254702038634e-13,1.6713915851055275e-12,1.7063091409080337e-12,-34.641674984622625,-27.76921788689986,-27.679422826481982,1.4072950270049659e-11,(3.223273498666173e-05-2.712603525539786e-06j),-3.0528968534430696
780.0,6.792831929013242e-13,1.1644082167897055e-14,6.793829853681577e-13,-31.679491307655386,-49.33894738570021,-31.678853339058648,3.63155487720618e-12,(5e-05+0j),-14.818747687994682,0.0,0.0,0.0,-210.0,-210.0,-210.0,1.818339735828495e-11,0j,-0.8270993255366333,3.5171198468453605e-13,-1.652029003854161e-12,1.6890533294559136e-12,-34.53812832724623,-27.819823322558044,-27.72356637982106,1.2861098179346278e-11,(-3.485319139059043e-05+3.5454897589871988e-06j),-3.835038841877085,3.5187324144188346e-13,1.653876970244989e-12,1.690894381902537e-12,-34.5361375827419,-27.814968001831083,-27.718835188300837,1.2860789870374173e-11,(3.489644562936713e-05-3.5450762863670205e-06j),-3.8352470643606824
790.0,7.02925984736492e-13,-6.074384968499097e-13,9.29024470868795e-13,-31.530904020254074,-32.16497687821628,-30.31972846368773,4.961373926374329e-12,(5e-05+0j),-12.108560714054665,0.0,0.0,0.0,-210.0,-210.0,-210.0,1.8604554789800667e-11,0j,-0.6282142784761238,3.798164342991282e-13,-1.6832875725570802e-12,1.7256064370790958e-12,-34.20426247679543,-27.738416828917426,-27.6305824784135,1.1926618158832272e-11,(-3.830813102448778e-05+4.705851838750362e-06j),-4.490253610146372,3.800076294748355e-13,1.6851653146510082e-12,1.72748022743009e-12,-34.202076838948784,-27.733574884311945,-27.62586914817526,1.1926271701098964e-11,(3.8355772107187953e-05-4.706478730645475e-06j),-4.490505931240683
800.0,7.703923518443471e-13,-1.2717889125281653e-12,1.486926835392326e-12,-31.132880373688337,-28.955849655206908,-28.277104005211655,7.935273524267725e-12,(5e-05+0j),-8.0293618887331,0.0,0.0,0.0,-210.0,-210.0,-210.0,1.965330289203552e-11,0j,-0.15188896434825733,4.332963098278641e-13,-1.7671121749500115e-12,1.819459021513539e-12,-33.63215009622954,-27.527358809315455,-27.400577212983876,1.1198909039338262e-11,(-4.286507204125958e-05+6.401177528963764e-06j),-5.037085569291246,4.3353812754844983e-13,1.7690776665065372e-12,1.821425567562515e-12,-33.62972702442083,-27.522531001627513,-27.395885714752396,1.1198512034140385e-11,(4.291852184142731e-05-6.4033651209810506e-06j),-5.037393492540405
810.0,9.05188843125594e-13,-2.028177599720897e-12,2.2210068027200346e-12,-30.43260807566238,-26.92894018174175,-26.53450111249253,1.1849811075708766e-11,(5e-05+0j),-4.546371386409892,0.0,0.0,0.0,-210.0,-210.0,-210.0,2.1503460488325843e-11,0j,0.6295671920574366,5.254971685354935e-13,-1.9150759532333945e-12,1.9858658516605836e-12,-32.794296196789816,-27.17813996935039,-27.02050092120242,1.0630023312341779e-11,(-4.9013504881496216e-05+9.02208421565757e-06j),-5.489915574064313,5.258236589199815e-13,1.917198826991465e-12,1.9879994623986814e-12,-32.79159877135634,-27.173328453965496,-27.01583737382024,1.0629557154663474e-11,(4.9074834098654056e-05-9.02677548362949e-06j),-5.490296484134917
820.0,1.160675217108224e-12,-2.945546994945742e-12,3.1659775834713538e-12,-29.35289288573696,-25.308340438895232,-24.994921644607633,1.6889704032908796e-11,(5e-05+0j),-1.4681591278994,0.0,0.0,0.0,-210.0,-210.0,-210.0,2.451318969544438e-11,0j,1.767396607151531,6.855857113884876e-13,-2.149605842896789e-12,2.256287447883375e-12,-31.639382423243553,-26.67641166106715,-26.46605572650923,1.0185800085576778e-11,(-5.756067615715826e-05+1.3376916645648444e-05j),-5.860696950819392,6.860601760568427e-13,2.1519784468072858e-12,2.2586920553041853e-12,-31.63637789565477,-26.67162082670861,-26.461429757190864,1.0185235303315154e-11,(5.763304561403162e-05-1.3385952545997852e-05j),-5.861178579396596
830.0,1.6655737805758425e-12,-4.13488364692497e-12,4.457734715317775e-12,-27.784361244334768,-23.83536706718301,-23.508857804277284,2.377961113361012e-11,(5e-05+0j),1.503495053763086,0.0,0.0,0.0,-210.0,-210.0,-210.0,2.940781709430332e-11,0j,3.3486558580021715,9.817462766579624e-13,-2.508780310459228e-12,2.694031254065118e-12,-30.080007371468923,-26.00537367434935,-25.695973702354227,9.840026805137476e-12,(-6.985566608324084e-05+2.1338657849604192e-05j),-6.160674283458817,9.825018861385368e-13,2.511532285871353e-12,2.6968693663653722e-12,-30.076666072235053,-26.00061234591572,-25.691400898247146,9.839313752534638e-12,(6.994412148885192e-05-2.1356021631804868e-05j),-6.161303724897563
840.0,2.772344034497385e-12,-5.765463910404457e-12,6.397379584469683e-12,-25.57152876869486,-22.391657420340042,-21.939978799296433,3.4125546477193713e-11,(5e-05+0j),4.640992382277971,0.0,0.0,0.0,-210.0,-210.0,-210.0,3.773913447792408e-11,0j,5.515238800451826,1.5945467821250277e-12,-3.040598387560432e-12,3.433339190179202e-12,-27.973627345453828,-25.170409391405514,-24.64283289161964,9.570832101779845e-12,(-8.788597228062763e-05+3.790341138908021e-05j),-6.401605961292201,1.5959078277368835e-12,3.0438990321262428e-12,3.4368943993685543e-12,-27.969921951038387,-25.165697574591768,-24.638338116149075,9.569883007401907e-12,(8.799860548473365e-05-3.793899369433846e-05j),-6.402467342800949
850.0,5.588518958457886e-12,-7.860350825792835e-12,9.644514464377424e-12,-22.527032714322885,-21.04558069952226,-20.157196312393175,5.1445867512954e-11,(5e-05+0j),8.206409986123548,0.0,0.0,0.0,-210.0,-210.0,-210.0,5.292909833868093e-11,0j,8.453290001357452,3.0668562712589056e-12,-3.655074104694854e-12,4.771286419758404e-12,-25.133065768254053,-24.371038135258726,-23.213645120122468,9.368967611225829e-12,(-0.00011103027357572247+7.834424628521769e-05j),-6.586765161585663,3.0697492667684627e-12,3.658949050111412e-12,4.776114394791724e-12,-25.128970956973568,-24.36643637905993,-23.209252797782195,9.367645694466435e-12,(0.00011117624987699231-7.842680168204987e-05j),-6.587990785759521
860.0,1.282623863576359e-11,-7.586809155972559e-12,1.4902082764187818e-11,-18.919006841730916,-21.199408403527585,-18.267530289178822,7.949015045105296e-11,(5e-05+0j),11.985666466198722,0.0,0.0,0.0,-210.0,-210.0,-210.0,7.876572644855707e-11,0j,11.90614574305139,6.586506059047741e-12,-2.7171071451433652e-12,7.124937424571653e-12,-21.813449043242873,-25.658932354771984,-21.4721894553455,9.365754076545966e-12,(-9.806321120485066e-05+0.00017773844472504782j),-6.589744913120413,6.593345578154164e-12,2.719652983147274e-12,7.132230945623321e-12,-21.808941609084744,-25.65486506671204,-21.467746025710028,9.364227655708766e-12,(9.820520133530127e-05-0.00017794484062080805j),-6.591160645730517
870.0,1.5955568033152975e-11,3.6173258143915943e-12,1.6360476683398834e-11,-17.970877299052837,-24.4161237234987,-17.8620404675554,8.726926640710784e-11,(5e-05+0j),12.796626592033016,0.0,0.0,0.0,-210.0,-210.0,-210.0,8.601957395585377e-11,0j,12.671345831067896,7.559587757736626e-12,3.2294731122931e-12,8.220514804435641e-12,-21.2150188696198,-24.908683269224564,-20.851009841965876,9.935385158095924e-12,(6.212205940339662e-05+0.00021176830652066644j),-6.076905758055105,7.568192307718509e-12,-3.233679769398588e-12,8.230080173219901e-12,-21.21007841046027,-24.903029903879215,-20.84595934093027,9.935312543726265e-12,(-6.217302729006256e-05-0.00021203584413519597j),-6.076969240516612
880.0,8.136040017668588e-12,7.602016900158185e-12,1.113489147317545e-11,-20.895869239729834,-21.190711692452425,-19.533140114840723,5.939545020565244e-11,(5e-05+0j),9.454463657637975,0.0,0.0,0.0,-210.0,-210.0,-210.0,6.012921355325163e-11,0j,9.561110559201047,3.5298642188924086e-12,4.661916536003508e-12,5.847512906568045e-12,-24.522420000285855,-23.314355060787612,-22.330288109476086,1.024020998484093e-11,(0.00011416374356963937+0.00010078422353792187j),-5.814422666571915,3.534247546447744e-12,-4.667414580348815e-12,5.854542218177661e-12,-24.51703034826105,-23.309236214501468,-22.325070578746192,1.0240960368142472e-11,(-0.00011429207917794396-0.00010092149170070689j),-5.813786204257113
890.0,4.162809963785553e-12,6.069888659642515e-12,7.360199395060508e-12,-23.80613414614806,-22.168192751432517,-21.331104200372977,3.926107031983314e-11,(5e-05+0j),5.858642786529561,0.0,0.0,0.0,-210.0,-210.0,-210.0,4.2213990605970104e-11,0j,6.488528269932866,1.6526407492301371e-12,3.728896417941244e-12,4.078711799300238e-12,-27.818215430308584,-24.284196803934094,-23.894769807323073,1.0396006908541278e-11,(9.340872797738882e-05+4.71436609474339e-05j),-5.68326872459478,1.6548677658302612e-12,-3.733198575064564e-12,4.0835473455377164e-12,-27.812367033170386,-24.279189086107657,-23.88962404741434,1.0396741952173205e-11,(-9.351797500340113e-05-4.7212441903456564e-05j),-5.682654615521322
900.0,2.537477286031738e-12,4.472302806714274e-12,5.14201160753954e-12,-25.95597836603944,-23.494687993003,-22.88866947318852,2.7429410690851038e-11,(5e-05+0j),2.7437296281942514,0.0,0.0,0.0,-210.0,-210.0,-210.0,3.2515511168208646e-11,0j,4.221211803367967,9.270689450247732e-13,2.9803558794570653e-12,3.1212141863453784e-12,-30.32887966685714,-25.25731874428312,-25.056764278241957,1.0649520240109244e-11,(7.377179132321641e-05+2.583738080328743e-05j),-5.47399904748657,9.284161514843077e-13,-2.9837592379324367e-12,3.1248641154911182e-12,-30.32257312809513,-25.252362233762675,-25.05168863176057,1.0650147180585741e-11,(-7.385943240293241e-05-2.5877584438301692e-05j),-5.473487721588143
910.0,1.7682502554198316e-12,3.2512614377773467e-12,3.701001202724787e-12,-27.52456270512635,-24.879481069668206,-24.31680773770964,1.974347363609932e-11,(5e-05+0j),-0.11212863022064681,0.0,0.0,0.0,-210.0,-210.0,-210.0,2.6970276132366792e-11,0j,2.5971079458110244,6.013649651297729e-13,2.5054996157694325e-12,2.5766583292913144e-12,-32.208618770237,-26.011056595226734,-25.889431660595395,1.1033667556350893e-11,(6.0204493566444864e-05+1.5957282908730215e-05j),-5.166202022163646,6.02300238062824e-13,-2.5083423149885546e-12,2.579640817232639e-12,-32.20186965171856,-26.006131953668774,-25.884407599101273,1.1034203723211621e-11,(-6.02766180769933e-05-1.598369362657038e-05j),-5.165779952801196
920.0,1.3548054688322933e-12,2.294104988209059e-12,2.6642851865563446e-12,-28.681230589428974,-26.393867107780324,-25.744192898925977,1.4214357748280642e-11,(5e-05+0j),-2.966055081120469,0.0,0.0,0.0,-210.0,-210.0,-210.0,2.3657278369319763e-11,0j,1.4586956895374334,4.360280902009178e-13,2.209672687726441e-12,2.2522819278075407e-12,-33.6048553131333,-26.55672052306685,-26.473772479114377,1.1565257941062517e-11,(5.0830249286826864e-05+1.0685794667805748e-05j),-4.7574934467527825,4.3674706956500247e-13,-2.2121676217989254e-12,2.254868863084754e-12,-33.59770000314164,-26.551819684775424,-26.46878710413391,1.1565726104241424e-11,(-5.0891457645987605e-05-1.0704583864776113e-05j),-4.757141847901892
930.0,1.114362705133336e-12,1.4945780210245487e-12,1.8642874508835118e-12,-29.52973431065274,-28.254814086835847,-27.294871237911885,9.94842286733769e-12,(5e-05+0j),-6.065515171333331,0.0,0.0,0.0,-210.0,-210.0,-210.0,2.1699975493109374e-11,0j,0.7085849542777158,3.465373666297333e-13,2.0310429073059983e-12,2.0603940006194623e-12,-34.602499291729785,-26.922809017013506,-26.86049723352542,1.2271773530696462e-11,(4.413809446065667e-05+7.562783058166672e-06j),-4.2424532733529245,3.4713618449607537e-13,-2.0333266378373886e-12,2.0627459239386686e-12,-34.59500114338043,-26.91792849785156,-26.855542623937268,1.2272190999461147e-11,(-4.419142326718021e-05-7.576913557232092e-06j),-4.242157796425122
940.0,9.713767983247763e-13,7.805003942922227e-13,1.2460954015700436e-12,-30.12612274014988,-31.076268732051595,-29.04448706642054,6.6532094847800534e-12,(5e-05+0j),-9.559975953747713,0.0,0.0,0.0,-210.0,-210.0,-210.0,2.0681815413059096e-11,0j,0.29117324060306116,2.990513658583465e-13,1.9364721084680137e-12,1.95942745369567e-12,-35.24254209692642,-27.129887538938384,-27.07870811309582,1.3197508533373206e-11,(3.920789175252451e-05+5.560921900259164e-06j),-3.61076088361103,2.9958522169281025e-13,-1.938640890009686e-12,1.961652315134942e-12,-35.23479613854957,-27.125026313189796,-27.07377964845477,1.319788770603677e-11,(-3.9255367715274994e-05-5.5719815842054126e-06j),-3.610511336161177
950.0,8.930134167414653e-13,9.95340042011591e-14,8.985432546475336e-13,-30.491420161696713,-40.02028524138296,-30.464610117073892,4.802186022088173e-12,(5e-05+0j),-12.391820327382412,0.0,0.0,0.0,-210.0,-210.0,-210.0,2.041605460516521e-11,0j,0.17883645901727138,2.794656802801443e-13,1.9102694392131336e-12,1.930603635355042e-12,-35.53671517938955,-27.189053721707722,-27.143068803622448,1.4411693495732503e-11,(3.548375888460793e-05+4.196205826178157e-06j),-2.846299571617816,2.799723378375981e-13,-1.9124000599021527e-12,1.9327851662996605e-12,-35.528848762219106,-27.184212513728315,-27.13816416160641,1.4412043315173795e-11,(-3.5526780745392855e-05-4.205119747955148e-06j),-2.8460887389224983
960.0,8.677074229677344e-13,-5.935175212263467e-13,1.0512750448269824e-12,-30.616266872777807,-32.265664557159624,-29.78283644748755,5.615898636438951e-12,(5e-05+0j),-11.03221470446469,0.0,0.0,0.0,-210.0,-210.0,-210.0,2.0859111085628257e-11,0j,0.3653160258343374,2.8342070401312033e-13,1.948595168332995e-12,1.969098886677352e-12,-35.475684275175574,-27.10278378645958,-27.057324733692802,1.6023851728466478e-11,(3.261896998317375e-05+3.217899697186998e-06j),-1.9252615592701177,2.839323796767964e-13,-1.9507584602312508e-12,1.9713133100531556e-12,-35.46785077664019,-27.097965009195242,-27.052443457796084,1.602417876719906e-11,(-3.265853637795701e-05-3.225242111598588e-06j),-1.9250842864521167
970.0,8.995721927290531e-13,-1.3476586342766562e-12,1.620312909431934e-12,-30.45963977792853,-28.704201018844206,-27.904011078542826,8.648575608118975e-12,(5e-05+0j),-7.2817081835725785,0.0,0.0,0.0,-210.0,-210.0,-210.0,2.2092943731399635e-11,0j,0.8644718157626886,3.138706990008999e-13,2.0582629042075715e-12,2.082056915295137e-12,-35.032492254155365,-26.864991531137825,-26.81507402750188,1.8213979394434258e-11,(3.0389047847678364e-05+2.4860081474410784e-06j),-0.8125030948678533,3.144230408987874e-13,-2.060535141262659e-12,2.0843864605745176e-12,-35.02485636396773,-26.86019974429216,-26.810217565170174,1.8214288540180794e-11,(-3.0425891887586125e-05-2.492153449650925e-06j),-0.8123556705740951
980.0,1.0131701397200327e-12,-2.2292311416086865e-12,2.448670091036822e-12,-29.94317618275406,-26.518448986257322,-26.110697233659728,1.3065429821616087e-11,(5e-05+0j),-3.698125882168801,0.0,0.0,0.0,-210.0,-210.0,-210.0,2.436338634678769e-11,0j,1.7141531300686847,3.836179091162767e-13,2.2596094274436454e-12,2.2919418545824722e-12,-34.16101126087352,-26.459666219874837,-26.39796404398494,2.1295669908008502e-11,(2.8643321833546263e-05+1.917717714219618e-06j),0.5452262153715645,3.842618117333917e-13,-2.262085751585378e-12,2.2944910301594587e-12,-34.15372773947172,-26.454909357790616,-26.393136357509146,2.12959647254355e-11,(-2.867799018925589e-05-1.9229201132052444e-06j),0.5453464620658452
990.0,1.275921385502189e-12,-3.3454161421252954e-12,3.58047267074814e-12,-28.941760833690736,-24.755498518908702,-24.460596368345268,1.910152952121458e-11,(5e-05+0j),-0.39923703321731474,0.0,0.0,0.0,-210.0,-210.0,-210.0,2.8209661402857754e-11,0j,2.9873575547741904,5.264448450180912e-13,2.5954682233101995e-12,2.648320122843748e-12,-32.78647122596326,-25.857842838822283,-25.770295195414143,2.5860750308039768e-11,(2.7276745515888248e-05+1.4624236721959559e-06j),2.2322225083691176,5.272707900969743e-13,-2.598283213680117e-12,2.6512431319253545e-12,-32.779662871761744,-25.85313512448975,-25.765504435185814,2.5861033047177542e-11,(-2.7309640386687125e-05-1.4668645760197142e-06j),2.232317471875315
1000.0,1.8759017652295356e-12,-4.8919372532886365e-12,5.239280248555564e-12,-27.26789907926986,-23.10519122102896,-22.8072837056407,2.794906216982692e-11,(5e-05+0j),2.906744881221144,0.0,0.0,0.0,-210.0,-210.0,-210.0,3.482333799806326e-11,0j,4.8168080499502155,8.353602333228213e-13,3.1517271437382023e-12,3.2605537425402647e-12,-30.781262028314064,-25.014513879775922,-24.867086370770323,3.3151761570505724e-11,(2.6211930447449116e-05+1.0910496934655466e-06j),4.38953229207857,8.36564810748744e-13,-3.1550892553785533e-12,3.2641122670625586e-12,-30.775004075285892,-25.009883503437486,-24.862349123791823,3.3152032451460354e-11,(-2.624331665111332e-05-1.0948777506496318e-06j),4.3896032636454825
1010.0,3.4347896017206168e-12,-7.2269802417529856e-12,8.001688760678968e-12,-24.640998605288168,-21.41043132622437,-20.96818345252506,4.268351506408117e-11,(5e-05+0j),6.58460362982631,0.0,0.0,0.0,-210.0,-210.0,-210.0,4.711375708161729e-11,0j,7.442354854462613,1.6156824830166743e-12,4.086574914249722e-12,4.394374177935016e-12,-27.916439835507028,-23.886405352752046,-23.571029659649618,4.6151334694839286e-11,(2.5385770119204225e-05+7.993018863706195e-07j),7.263085393188424,1.6177985970867469e-12,-4.090797614628636e-12,4.399079156435718e-12,-27.91075545528556,-23.881920059634183,-23.566382233166244,4.615158857175008e-11,(-2.5415726534038734e-05-8.027169484992545e-07j),7.263133173838283
1020.0,8.490745034496646e-12,-1.034694467589176e-11,1.338476803559906e-11,-20.710542001948625,-19.851878730371528,-18.733891509419173,7.139706156528016e-11,(5e-05+0j),11.053006851026892,0.0,0.0,0.0,-210.0,-210.0,-210.0,7.265439837187738e-11,0j,11.204638304085224,4.1058597737124654e-12,5.345121849251695e-12,6.740060241922029e-12,-23.865958870508685,-22.72042390014706,-21.713362217707047,7.259753327316252e-11,(2.4756076506268627e-05+6.561734912200704e-07j),11.197837375638557,4.1107158069341174e-12,-5.350166427758007e-12,6.747018989901162e-12,-23.860825469965008,-22.71632708159568,-21.708880674943746,7.25977419868087e-11,(-2.4784399572940817e-05-6.598442318134935e-07j),11.197862347025449
1030.0,2.0912119741957397e-11,-3.7215930612356426e-12,2.1240692244260814e-11,-16.79601943003658,-24.292711166759258,-16.72831333496238,1.1330114814106826e-10,(5e-05+0j),15.064086303194664,0.0,0.0,0.0,-210.0,-210.0,-210.0,1.1003184446259895e-10,0j,14.809767948599719,1.0139934703207063e-11,1.7067585680523732e-12,1.0282572664217992e-11,-19.939648416622653,-27.678279082808693,-19.87898212763849,1.1121619926698237e-10,(2.4648209095187845e-05+8.177055678098591e-07j),14.902761072625745,1.0150769190071568e-11,-1.7063182032229543e-12,1.0293184004998464e-11,-19.935010471747553,-27.679399760890778,-19.874502635361043,1.1121622697611728e-10,(-2.46763484732565e-05-8.240509603249006e-07j),14.902763236685113
1040.0,1.2502482251415314e-11,9.854124895642453e-12,1.591904016911432e-11,-19.030037533064185,-20.06381937581245,-17.980831213862782,8.49146954539713e-11,(5e-05+0j),12.559057213692412,0.0,0.0,0.0,-210.0,-210.0,-210.0,8.123871316507093e-11,0j,12.174660796507455,5.975925794748363e-12,-4.917034972869622e-12,7.738793318648703e-12,-22.23594803952263,-23.082967027388648,-21.11326751966609,8.238515708226394e-11,(2.505533317367843e-05+2.9560566902393773e-07j),12.29637956873972,5.981730857789602e-12,4.9239044502423706e-12,7.74764087255914e-12,-22.231731315264312,-23.0769038326613,-21.108305183969883,8.238495783552536e-11,(-2.5086904346205476e-05-3.012664184933888e-07j),12.296358562076186
1050.0,5.303380848077712e-12,8.125640791579281e-12,9.703189511368653e-12,-22.754471840676405,-20.901423803461935,-20.130854864036827,5.175891030996819e-11,(5e-05+0j),8.259102576196998,0.0,0.0,0.0,-210.0,-210.0,-210.0,5.0310898167095557e-11,0j,8.012641498046147,2.480221357410363e-12,-4.090806443793939e-12,4.783951854099341e-12,-26.05509557072262,-23.88191068626988,-23.202131997563093,5.077542799639269e-11,(2.5132025861383536e-05-2.462704630185197e-07j),8.092471943693294,2.4824361601635345e-12,4.09593088768708e-12,4.789482135471073e-12,-26.05121911269721,-23.876473799983778,-23.19711442298559,5.07751654381347e-11,(-2.516417850651881e-05+2.4252482105854347e-07j),8.092427029095056
1060.0,2.9285566910024684e-12,5.854488910362682e-12,6.54610454346514e-12,-25.33346364481764,-22.325110123076776,-21.84017063145418,3.491915335538827e-11,(5e-05+0j),4.8406741931524815,0.0,0.0,0.0,-210.0,-210.0,-210.0,3.5594064456767645e-11,0j,5.006951737980532,1.341191628416309e-12,-3.0958844768857376e-12,3.3739139998458867e-12,-28.725091660573753,-25.092152534113392,-24.718659916545356,3.5457710072872113e-11,(2.5374913264835722e-05-6.432117995890842e-07j),4.973613778669027,1.3423086475425756e-12,3.099627797913279e-12,3.377792917107901e-12,-28.721476119520286,-25.08690452945463,-24.713669793103353,3.54574244593314e-11,(-2.540733009103283e-05+6.404971412914812e-07j),4.973543813133176
1070.0,1.9558544806754047e-12,4.2932216748422895e-12,4.717745128651366e-12,-27.08663460688836,-23.672166867184888,-23.262655251312605,2.516713806566356e-11,(5e-05+0j),1.9960767195327043,0.0,0.0,0.0,-210.0,-210.0,-210.0,2.7838462809311445e-11,0j,2.8723050992660113,8.83057319307579e-13,-2.4799009153436366e-12,2.632432103417844e-12,-30.54011105424637,-26.055656711008645,-25.79642821468682,2.714342548698619e-11,(2.585111814635897e-05-1.021679916569381e-06j),2.652693177380716,8.837545277168911e-13,2.482845977652239e-12,2.635440421258657e-12,-30.53668348179571,-26.050502208926606,-25.79146797324597,2.7143123537053048e-11,(-2.5884073566960915e-05+1.0196738301742386e-06j),2.652596552937178
1080.0,1.4747062405219339e-12,3.1754587751619323e-12,3.501185074883539e-12,-28.312944819408564,-24.981935210404494,-24.557849315439558,1.867874579988293e-11,(5e-05+0j),-0.5936456771931474,0.0,0.0,0.0,-210.0,-210.0,-210.0,2.3313072542293142e-11,0j,1.3313903878712807,6.630949799756394e-13,-2.0980020132456376e-12,2.200297116312168e-12,-31.784242599437164,-26.781940993926746,-26.575186704222013,2.205438891291008e-11,(2.6575936024837533e-05-1.4307534810333649e-06j),0.8493006621053925,6.635996431232854e-13,2.1004656615947616e-12,2.2027983298277832e-12,-31.780938562064918,-26.776844139126162,-26.570252614747815,2.20540703838076e-11,(-2.6609769672509715e-05+1.429355955991755e-06j),0.8491752118550404
1090.0,1.2075348964115116e-12,2.3110582571779703e-12,2.6075142941357076e-12,-29.18100309769022,-26.361891066835778,-25.837733021354694,1.3913021199236576e-11,(5e-05+0j),-3.1521709760018846,0.0,0.0,0.0,-210.0,-210.0,-210.0,2.0529523097195995e-11,0j,0.22697730242073802,5.47048848460328e-13,-1.8554206115709446e-12,1.934385713461529e-12,-32.61973891820925,-27.315576232037806,-27.134569239831666,1.8668593787279925e-11,(2.7576291675620304e-05-1.902931315720833e-06j),-0.598367794710515,5.474566212107024e-13,1.8575820006064512e-12,1.936574202318234e-12,-32.61650287291831,-27.310520057639685,-27.129658578103736,1.866825604096172e-11,(-2.7611376896723084e-05+1.9021398006600559e-06j),-0.5985249385113006
1100.0,1.0510849167942795e-12,1.5932772064751638e-12,1.9087461221927183e-12,-29.783621960503307,-27.977086568611803,-27.19251832246991,1.018751458365045e-11,(5e-05+0j),-5.85923504426864,0.0,0.0,0.0,-210.0,-210.0,-210.0,1.8815581653722132e-11,0j,-0.5302469455753458,4.853392882346872e-13,-1.7023223870063252e-12,1.770156980046421e-12,-33.13954551106107,-27.689581894691948,-27.519882180761105,1.6282845855935177e-11,(2.8896029105599145e-05-2.4731410196014416e-06j),-1.785993681680149,4.856987430596113e-13,1.7042929862567866e-12,1.772150629041945e-12,-33.13633020436746,-27.684557432683743,-27.514993667709295,1.6282484772465035e-11,(-2.893279181537143e-05+2.4730179951404372e-06j),-1.7861862994802071
1110.0,9.617318431160521e-13,9.586484322843638e-13,1.3579156655642012e-12,-30.169460041466397,-30.18340633614098,-28.671272014232795,7.25213160604542e-12,(5e-05+0j),-8.811286378608607,0.0,0.0,0.0,-210.0,-210.0,-210.0,1.7842073333898473e-11,0j,-0.9916935120832987,4.573364670563635e-13,-1.6123837956901025e-12,1.6759887078091004e-12,-33.39764167502085,-27.92531575116936,-27.75728911811182,1.453276461386069e-11,(3.0600319142837725e-05-3.188250389324203e-06j),-2.773635125826146,4.576772144361786e-13,1.614240298548037e-12,1.677867746299009e-12,-33.394407084836885,-27.920318149885404,-27.752422743274362,1.453237460271683e-11,(-3.063926732209429e-05+3.188923519892086e-06j),-2.773868229389018
1120.0,9.207697936634704e-13,3.649032440431199e-13,9.904399984028626e-13,-30.358489364030795,-34.37822275676833,-30.041718292136153,5.295765474345643e-12,(5e-05+0j),-11.54202503514837,0.0,0.0,0.0,-210.0,-210.0,-210.0,1.744833373966798e-11,0j,-1.1855207225842859,4.54573941830393e-13,-1.571935076092973e-12,1.6363426756161565e-12,-33.42395463559641,-28.035653951139352,-27.861257431186953,1.3212196051739015e-11,(3.278345297791879e-05-4.117730258912935e-06j),-3.6010997246742527,4.549182113480114e-13,1.5737361168891937e-12,1.6381684725990645e-12,-33.42066677085986,-28.030680881056913,-27.856414365452654,1.3211769660111203e-11,(-3.28252168723307e-05+4.119412522183228e-06j),-3.601380045248574
1130.0,9.227309473746917e-13,-2.206699315756883e-13,9.487505572829009e-13,-30.349249133882928,-36.56256839653909,-30.228479559978414,5.0745092211843074e-12,(5e-05+0j),-11.912718992759434,0.0,0.0,0.0,-210.0,-210.0,-210.0,1.7573126952709576e-11,0j,-1.1236189833427024,4.751658160576756e-13,-1.5749609333478933e-12,1.645078871763243e-12,-33.231548105174426,-28.027302143454026,-27.838132753733298,1.2196325557610267e-11,(3.558176248720684e-05-5.371190840204034e-06j),-4.296019743088354,4.755347037414214e-13,1.576756696939789e-12,1.6469046529192012e-12,-33.22817783472234,-28.022353157569864,-27.833315434590897,1.2195852709122578e-11,(-3.562715224467892e-05+5.374224432531513e-06j),-4.296356499382538
1140.0,9.723289330818577e-13,-8.283433870661035e-13,1.2773317192508172e-12,-30.121867909828378,-30.8178959051852,-28.936963031030093,6.824118514241898e-12,(5e-05+0j),-9.339668701220594,0.0,0.0,0.0,-210.0,-210.0,-210.0,1.823081271491233e-11,0j,-0.8044793216015066,5.22439719181393e-13,-1.62096978301889e-12,1.7030814125104648e-12,-32.81963812656475,-27.902250808889747,-27.687645909340798,1.1405412256167076e-11,(3.919436337419351e-05-7.131406584128862e-06j),-4.8783801581281026,5.228582777207641e-13,1.6228085080754757e-12,1.704959891746218e-12,-32.81616011982875,-27.897327240386108,-27.682858330927026,1.1404878960420895e-11,(-3.924445552052747e-05+7.136347777682136e-06j),-4.87878630357821
1150.0,1.0867032177740398e-12,-1.4915999454181595e-12,1.8454794175747147e-12,-29.63889046973247,-28.263476412027874,-27.338907940790378,9.851746192560021e-12,(5e-05+0j),-6.150335618899966,0.0,0.0,0.0,-210.0,-210.0,-210.0,1.9514657882490715e-11,0j,-0.21338107461998834,6.061946673615839e-13,-1.7143881072567386e-12,1.8184054985181287e-12,-32.17387888399978,-27.658908546649492,-27.403092640558135,1.0786176233199204e-11,(4.3915427592340484e-05-9.721675395605673e-06j),-5.36324967604525,6.066985127643968e-13,1.7163213738147676e-12,1.8203961501837843e-12,-32.170270696661504,-27.65401389094223,-27.39834091620768,1.0785562402593421e-11,(-4.3971698165907583e-05+9.729461855289178e-06j),-5.363743995486974
1160.0,1.3046531685953198e-12,-2.2528993881110695e-12,2.6033969238817655e-12,-28.84504926628309,-26.472582029338923,-25.84459612639931,1.3892594869268442e-11,(5e-05+0j),-3.164932490027836,0.0,0.0,0.0,-210.0,-210.0,-210.0,2.162781653863231e-11,0j,0.6796536256747128,7.474166445294335e-13,-1.8646806256196347e-12,2.008896581728604e-12,-31.264372348958037,-27.293955415542527,-26.97042420215745,1.0301526466043985e-11,(5.017907917371827e-05-1.3753955309108104e-05j),-5.762568260611455,7.480637907358888e-13,1.866768030052533e-12,2.011074914824498e-12,-31.260613663289355,-27.289096453756226,-26.9657175113926,1.0300802148188864e-11,(-5.024360697946019e-05+1.3766256120352752e-05j),-5.763179001763375
1170.0,1.7112933818478533e-12,-3.1690019724214287e-12,3.601541134010157e-12,-27.666755292110118,-24.99077490499988,-24.435116206841503,1.921545668117038e-11,(5e-05+0j),-0.34758570297049957,0.0,0.0,0.0,-210.0,-210.0,-210.0,2.4958673579220503e-11,0j,1.923830110347867,9.904409173046789e-13,-2.0854280505347973e-12,2.308675673330643e-12,-30.041714262878415,-26.808047891769316,-26.366370732222894,9.924589673097992e-12,(5.8591040561267434e-05-2.0481552659783615e-05j),-6.086348710658416,9.91337127003976e-13,2.0877392392167246e-12,2.311147859904624e-12,-30.03778628562906,-26.80323746111016,-26.361722688495355,9.92370856168157e-12,(-5.866678285740586e-05+2.050155972868531e-05j),-6.087119883726895
1180.0,2.5038679025759797e-12,-4.3038072481444275e-12,4.979167731933797e-12,-26.013885870812654,-23.661471873746088,-23.02843243512386,2.6562877982453903e-11,(5e-05+0j),2.4649026333100683,0.0,0.0,0.0,-210.0,-210.0,-210.0,3.0238389417222066e-11,0j,3.590573200393317,1.4341742400616834e-12,-2.3836328481530374e-12,2.7818269726297983e-12,-28.433980823499443,-26.22760638319701,-25.556698862666977,9.635821210214168e-12,(6.974860045047672e-05-3.270072893910423e-05j),-6.342825249347458,1.4355337757290258e-12,2.3862333355913614e-12,2.784756138900911e-12,-28.42986584818348,-26.222870915101623,-25.552128299935596,9.634710893385216e-12,(-6.983952538781487e-05+3.273510051716989e-05j),-6.343826165087449
1190.0,4.1654193970729486e-12,-5.623342445892479e-12,6.998049658103861e-12,-23.803412649259368,-22.500054683609555,-21.55022980092042,3.733105078393673e-11,(5e-05+0j),5.42080437667038,0.0,0.0,0.0,-210.0,-210.0,-210.0,3.879317706182948e-11,0j,5.754507059963797,2.3090382719585625e-12,-2.6910771990046617e-12,3.545920787661811e-12,-26.365688686581088,-25.700738434399497,-24.502709703328502,9.427247002163231e-12,(8.259882758038099e-05-5.7026266711638586e-05j),-6.532902190721508,2.3113356404605865e-12,2.693925471653797e-12,3.5495784101338686e-12,-26.361369838953323,-25.69614423348454,-24.49823225825263,9.425808295325517e-12,(-8.270818997088673e-05+5.709008854335089e-05j),-6.5342278590167515
1200.0,7.70782283997861e-12,-6.290827727234724e-12,9.949122897333268e-12,-21.130682759190115,-22.01292207699393,-20.02215204444073,5.307180122412486e-11,(5e-05+0j),8.476676638035507,0.0,0.0,0.0,-210.0,-210.0,-210.0,5.215009851691957e-11,0j,8.324502750529042,4.04888595893653e-12,-2.498397461957806e-12,4.757674577605176e-12,-23.926644554128814,-26.023384699635287,-23.226052667930084,9.342336745123728e-12,(8.446982460914752e-05-0.00010645914194876508j),-6.611489565155759,4.053119646766229e-12,2.5008105996057956e-12,4.762544753186378e-12,-23.922105758380276,-26.01919198577707,-23.221609302726346,9.34057330895414e-12,(-8.458612642578815e-05+0.0001065850451157753j),-6.6131292467636005
