Freq(Hz),inlet | A = 7498.88 L**2 | TSW_real (mW) = 3.812e-10,inlet | A = 7498.88 L**2 | TSW_imag (mW) = 2.964e-11,inlet | A = 7498.88 L**2 | TSW_mag (mW) = 7.477e-10,inlet | A = 7498.88 L**2 | TSW_real (mW) = 3.812e-10 | SWL_real (dB),inlet | A = 7498.88 L**2 | TSW_imag (mW) = 2.964e-11 | SWL_imag (dB),inlet | A = 7498.88 L**2 | TSW_mag (mW) = 7.477e-10 | SWL_mag (dB),inlet | A = 7498.88 L**2 | P_rms (MPa),inlet | A = 7498.88 L**2 | V_mean (mm/s),inlet | A = 7498.88 L**2 | SPL (dB),outlet | A = 7496.42 L**2 | TSW_real (mW) = 0,outlet | A = 7496.42 L**2 | TSW_imag (mW) = 0,outlet | A = 7496.42 L**2 | TSW_mag (mW) = 0,outlet | A = 7496.42 L**2 | TSW_real (mW) = 0 | SWL_real (dB),outlet | A = 7496.42 L**2 | TSW_imag (mW) = 0 | SWL_imag (dB),outlet | A = 7496.42 L**2 | TSW_mag (mW) = 0 | SWL_mag (dB),outlet | A = 7496.42 L**2 | P_rms (MPa),outlet | A = 7496.42 L**2 | V_mean (mm/s),outlet | A = 7496.42 L**2 | SPL (dB),Tie-1_Master | A = 7498.47 L**2 | TSW_real (mW) = 1.846e-10,Tie-1_Master | A = 7498.47 L**2 | TSW_imag (mW) = -2.83e-11,Tie-1_Master | A = 7498.47 L**2 | TSW_mag (mW) = 4.594e-10,Tie-1_Master | A = 7498.47 L**2 | TSW_real (mW) = 1.846e-10 | SWL_real (dB),Tie-1_Master | A = 7498.47 L**2 | TSW_imag (mW) = -2.83e-11 | SWL_imag (dB),Tie-1_Master | A = 7498.47 L**2 | TSW_mag (mW) = 4.594e-10 | SWL_mag (dB),Tie-1_Master | A = 7498.47 L**2 | P_rms (MPa),Tie-1_Master | A = 7498.47 L**2 | V_mean (mm/s),Tie-1_Master | A = 7498.47 L**2 | SPL (dB),Tie-1_Slave | A = 7497.6 L**2 | TSW_real (mW) = 1.843e-10,Tie-1_Slave | A = 7497.6 L**2 | TSW_imag (mW) = 2.859e-11,Tie-1_Slave | A = 7497.6 L**2 | TSW_mag (mW) = 4.589e-10,Tie-1_Slave | A = 7497.6 L**2 | TSW_real (mW) = 1.843e-10 | SWL_real (dB),Tie-1_Slave | A = 7497.6 L**2 | TSW_imag (mW) = 2.859e-11 | SWL_imag (dB),Tie-1_Slave | A = 7497.6 L**2 | TSW_mag (mW) = 4.589e-10 | SWL_mag (dB),Tie-1_Slave | A = 7497.6 L**2 | P_rms (MPa),Tie-1_Slave | A = 7497.6 L**2 | V_mean (mm/s),Tie-1_Slave | A = 7497.6 L**2 | SPL (dB)
20.0,3.766386100853547e-14,1.8160248588642703e-11,1.8160287645511713e-11,-44.24075161516605,-17.408782108844893,-17.408772768573822,9.686927960666649e-11,(4.9999999999999996e-05+0j),13.703121486842864,0.0,0.0,0.0,-210.0,-210.0,-210.0,1.0003182488417813e-10,0j,13.982163921267283,1.2691953963592349e-14,-9.185275318536448e-12,9.185284087223991e-12,-48.96471511846922,-20.369078216631106,-20.369074070657618,9.926491321051589e-11,(-2.4676196587162014e-05-8.344015800193644e-08j),13.915315430887405,3.872129788053568e-14,9.20043637014654e-12,9.200517851731218e-12,-44.120500942120906,-20.361915738878796,-20.36187727674017,9.926490661995185e-11,(2.471969553175071e-05+1.534741985841737e-07j),13.915314854199108
30.0,1.0963216243537085e-13,7.716098523755723e-12,7.71687732436803e-12,-39.60062019582154,-21.126022356613475,-21.12558403698926,4.116280840716883e-11,(4.9999999999999996e-05+0j),6.269500039299965,0.0,0.0,0.0,-210.0,-210.0,-210.0,4.6166357524432474e-11,0j,7.2659122974992405,4.893120515685029e-14,-4.360768796403294e-12,4.361043310782723e-12,-43.10414087601509,-23.604369385749177,-23.604096002010195,4.4919067901555746e-11,(-2.5885329995092867e-05-4.1900497746595375e-08j),7.028014802796011,3.414013493208738e-14,4.357420361485663e-12,4.357554102418355e-12,-44.66734766755404,-23.607705415406045,-23.607572120812197,4.4919058290871255e-11,(2.5867367069875938e-05+1.2946774288775993e-07j),7.028012944401399
40.0,1.0282225678248783e-13,4.7620363016559995e-12,4.763146245369692e-12,-39.87912868301845,-23.222072982321063,-23.221060839131408,2.540724279313661e-11,(4.9999999999999996e-05+0j),2.0785508417244034,0.0,0.0,0.0,-210.0,-210.0,-210.0,3.226836338293326e-11,0j,4.154938866886723,5.141516138682283e-14,-3.0658968336604686e-12,3.0663279200812363e-12,-42.88908796652299,-25.134424630908402,-25.13381402558459,3.052723289514316e-11,(-2.677327257958695e-05-1.8509145806337233e-08j),3.673148886199278,3.891682938869563e-14,3.06163069105254e-12,3.0618780197787967e-12,-44.09862549572352,-25.140471972141967,-25.140121148762233,3.052721999254148e-11,(2.6737259238011464e-05+1.2703126650100223e-07j),3.6731452150313633
50.0,9.59213277659663e-14,3.19610373422403e-12,3.1975428036292458e-12,-40.18084818259485,-24.953791334663155,-24.95183633165004,1.705613731588591e-11,(4.9999999999999996e-05+0j),-1.382986237537359,0.0,0.0,0.0,-210.0,-210.0,-210.0,2.588959166721153e-11,0j,2.2419041019258983,5.212273184445455e-14,-2.465534217448199e-12,2.4660851073275702e-12,-42.82972830221921,-26.080889658175654,-26.07991939498222,2.360290944995738e-11,(-2.7839444305911235e-05+1.5867907293960012e-08j),1.4387108920389677,4.066358926318223e-14,2.461263895901848e-12,2.461599783222632e-12,-43.90794290026639,-26.088418188898,-26.08782555006137,2.3602892845175882e-11,(2.7791834967407815e-05+1.1257231118661256e-07j),1.438704781463889
60.0,9.156680705216549e-14,2.1388357531957483e-12,2.1407949129475603e-12,-40.38261929460723,-26.698225647597262,-26.694249359009802,1.1419354307708761e-11,(4.9999999999999996e-05+0j),-4.867768953343894,0.0,0.0,0.0,-210.0,-210.0,-210.0,2.239680386806586e-11,0j,0.9831210234935215,5.403276437971839e-14,-2.135457878659095e-12,2.1361413556114953e-12,-42.67342812876385,-26.705089904962705,-26.703700119754924,1.9487635480260072e-11,(-2.9195158947082202e-05+6.913776644302999e-08j),-0.22541696383830803,4.318684092626392e-14,2.1312650538327107e-12,2.131702566709938e-12,-43.64648562992773,-26.713625360864704,-26.712733918818124,1.948761437479385e-11,(2.9137855047009344e-05+7.78871004365172e-08j),-0.22542637082099787
70.0,8.98986106147567e-14,1.3174849196350317e-12,1.3205484745575187e-12,-40.462470202468296,-28.802543471642004,-28.79245652127298,7.044155775319821e-12,(4.9999999999999996e-05+0j),-9.064020884428292,0.0,0.0,0.0,-210.0,-210.0,-210.0,2.0402168567078047e-11,0j,0.17292671627913364,5.771784197267967e-14,-1.9467131082756056e-12,1.9475685546891673e-12,-42.386899152236886,-27.10698046771352,-27.10507246159017,1.6762974682694164e-11,(-3.0929849048488324e-05+1.4951032060323777e-07j),-1.5335781313964472,4.7250382849287923e-14,1.942573689568956e-12,1.9431482542731913e-12,-43.25594668241288,-27.116224976924723,-27.114940632414385,1.6762947657646857e-11,(3.08635557708886e-05+1.5243777800681914e-08j),-1.5335921346847674
80.0,9.121146392115222e-14,6.126782447940183e-13,6.194305149042293e-13,-40.39950573899556,-32.127675404835394,-32.08007403874146,3.304630282809131e-12,(4.9999999999999996e-05+0j),-15.638142347088355,0.0,0.0,0.0,-210.0,-210.0,-210.0,1.935827252001656e-11,0j,-0.2832679245944046,6.365705595416524e-14,-1.848086161316731e-12,1.849182165289067e-12,-41.9615345073585,-27.332777850032958,-27.330203038311307,1.4839746798946605e-11,(-3.3155523090394734e-05+2.689816187789798e-07j),-2.5920700949025006,5.3382531822410214e-14,1.8439556124046214e-12,1.8447281629612187e-12,-42.72600832376412,-27.342495374688088,-27.34067621929793,1.483971146871016e-11,(3.3080391882380945e-05-8.650920267369872e-08j),-2.5920907741569446
90.0,9.6351374188218e-14,-4.275448473559413e-14,1.0541125780942069e-13,-40.16142086944135,-43.69018323186899,-39.77113004461047,5.660570789655299e-13,(4.9999999999999996e-05+0j),-30.96339539446459,0.0,0.0,0.0,-210.0,-210.0,-210.0,1.9033791593058332e-11,0j,-0.430093717774458,7.264014485280311e-14,-1.8178949084688195e-12,1.819345621062995e-12,-41.38823298452963,-27.40431226719823,-27.400847901821393,1.3426265603064564e-11,(-3.6032177869434916e-05+4.4702062090583653e-07j),-3.4614952273065622,6.237323914445603e-14,1.8137184293144282e-12,1.8147906110061756e-12,-42.05001701739545,-27.414301340821822,-27.41173476264494,1.3426218019900187e-11,(3.594789684656051e-05-2.456962547393439e-07j),-3.4615260104639205
100.0,1.0711686353446581e-13,-6.9760354847197e-13,7.057795217305087e-13,-39.70142152291943,-31.563913189615608,-31.513309468948115,3.765417570606619e-12,(4.9999999999999996e-05+0j),-14.504337016731428,0.0,0.0,0.0,-210.0,-210.0,-210.0,1.935870585209161e-11,0j,-0.28307349441214635,8.607960046447156e-14,-1.8496516537268615e-12,1.8516535685032004e-12,-40.65099757436027,-27.329100548992116,-27.324402635293122,1.2360867856577976e-11,(-3.980274696343004e-05+7.172467794421075e-07j),-4.179620640470726,7.560652549069161e-14,1.84536144229339e-12,1.846909634876573e-12,-41.21440719547775,-27.339185579494636,-27.33554353089554,1.236080139463366e-11,(3.970846080248115e-05-4.944000764064596e-07j),-4.179667342908786
110.0,1.2713050431783554e-13,-1.3990087432558912e-12,1.4047731592091783e-12,-38.95750230190247,-28.541795713295294,-28.523937993584635,7.493664372439047e-12,(4.9999999999999996e-05+0j),-8.52671515456876,0.0,0.0,0.0,-210.0,-210.0,-210.0,2.038300904520463e-11,0j,0.16476603073134288,1.0659119530766095e-13,-1.9482589362232437e-12,1.9511726129409567e-12,-39.72278667609842,-27.103533230736158,-27.09704308497981,1.154674248680853e-11,(-4.485616327517861e-05+1.1415116373627738e-06j),-4.771410305845584,9.56379784888039e-14,1.943767218583767e-12,1.946118604548628e-12,-40.19369612192775,-27.11355746476524,-27.108306955520604,1.1546645587138572e-11,(4.47502875358628e-05-8.922628890103717e-07j),-4.77148319769121
120.0,1.6396436455164648e-13,-2.2071207859642443e-12,2.2132027644746537e-12,-37.852505297586355,-26.56173899170753,-26.549787959875538,1.1805826675576147e-11,(4.9999999999999996e-05+0j),-4.578671854453647,0.0,0.0,0.0,-210.0,-210.0,-210.0,2.2296470454001424e-11,0j,0.9441224744360885,1.393354613577674e-13,-2.1319448323427953e-12,2.136493187198342e-12,-38.55938340057941,-26.712240376000107,-26.702984877131005,1.092271169154349e-11,(-5.1855159835850214e-05+1.842987833299245e-06j),-5.2539905040072306,1.2751520194027774e-13,2.1271322241171375e-12,2.1309508735781287e-12,-38.94438036993008,-26.722055131909972,-26.714265622894878,1.0922562891825136e-11,(5.1735052792965446e-05-1.5589403508949602e-06j),-5.254108832383181
130.0,2.3492877840501315e-13,-3.2185471067153287e-12,3.2271096989517548e-12,-36.29063779574234,-24.923401301463795,-24.91186271398181,1.7214072495112684e-11,(4.9999999999999996e-05+0j),-1.3029273609713101,0.0,0.0,0.0,-210.0,-210.0,-210.0,2.5525653984616033e-11,0j,2.1189376431503,1.9555146375631902e-13,-2.441506479947862e-12,2.449325267620583e-12,-37.087389288864195,-26.123421187270356,-26.109535372302744,1.0448772208594913e-11,(-6.202459588553213e-05+3.094340802782283e-06j),-5.639294686844066,1.8225713673816599e-13,2.4362022883379483e-12,2.4430102852004224e-12,-37.39315456780522,-26.132866532060632,-26.120747046203473,1.0448527866555277e-11,(6.188597709501501e-05-2.7607860875390924e-06j),-5.639497806671285
140.0,3.8563848200519686e-13,-4.6213818225747296e-12,4.6374440146299775e-12,-34.138196353277415,-23.352281482121228,-23.337213203491963,2.473692510339688e-11,(4.9999999999999996e-05+0j),1.8463143696057738,0.0,0.0,0.0,-210.0,-210.0,-210.0,3.101792924705284e-11,0j,3.811656106757723,3.0355795530267343e-13,-2.967128501255592e-12,2.9826161293721312e-12,-35.177583811445785,-25.27663644725375,-25.254026378961285,1.0098528981132206e-11,(-7.789617371471824e-05+5.595869221810232e-06j),-5.935437589913426,2.877072915427649e-13,2.961078650264926e-12,2.9750230685931882e-12,-35.4104913137815,-25.285500570070468,-25.265096623643778,1.0098087744056036e-11,(7.773211065670931e-05-5.18503433696632e-06j),-5.935817112543438
150.0,7.661451776441192e-13,-6.863482860703788e-12,6.906111453806838e-12,-31.156889276576457,-21.63455446488542,-21.60766417098248,3.683823764143132e-11,(4.9999999999999996e-05+0j),5.305376990121406,0.0,0.0,0.0,-210.0,-210.0,-210.0,4.1169436298330245e-11,0j,6.270898498226755,5.525336319646495e-13,-3.9345745278179285e-12,3.973181361252683e-12,-32.576412819285984,-24.051022239685214,-24.008616105314495,9.855610908532872e-12,(-0.000105631309511007+1.1598540809984514e-05j),-6.146928921930831,5.318268081859409e-13,3.927414739191412e-12,3.963259553388245e-12,-32.74229774650598,-24.05893234346707,-24.0194748484141,9.854683483381657e-12,(0.00010543099534099669-1.1049927280679036e-05j),-6.147746313326089
160.0,2.0999383098703515e-12,-1.134738095520541e-11,1.1540051795716499e-11,-26.777934633977097,-19.451043647224637,-19.377922419130968,6.155621256932098e-11,(4.9999999999999996e-05+0j),9.764837900927414,0.0,0.0,0.0,-210.0,-210.0,-210.0,6.391820764832558e-11,0j,10.091891852339847,1.353630363156262e-12,-6.067784574374076e-12,6.216938539270799e-12,-28.684999125768282,-22.169698464451926,-22.064234260510954,9.715634500478466e-12,(-0.00016460558390748553+3.171093142947017e-05j),-6.2711765452721,1.3215868124067604e-12,6.059409565373023e-12,6.201857462378634e-12,-28.789043036553128,-22.17569691839166,-22.074782193972705,9.713034992546001e-12,(0.00016436196097414484-3.085352802423562e-05j),-6.273500846393956
170.0,1.2271225829400052e-11,-2.42272259221484e-11,2.7157714543734243e-11,-19.111120514251706,-16.15696310818131,-15.661067808866811,1.4486275110898882e-10,(4.9999999999999996e-05+0j),17.198534660538915,0.0,0.0,0.0,-210.0,-210.0,-210.0,1.4486316444216104e-10,0j,17.19855944372968,6.955632947101777e-12,-1.2665962840073925e-11,1.4450171084140882e-11,-21.57663344043426,-18.97361790457959,-18.401270110071927,9.739312093871927e-12,(-0.0003384881180354489+0.0001785420947609272j),-6.250034254939381,6.8812466024442925e-12,1.2668887986678007e-11,1.44170828402505e-11,-21.623328781132464,-18.97261503699356,-18.411226060900038,9.72428227582187e-12,(0.000338508878431379-0.00017657782494432775j),-6.263448772764981
180.0,2.911325514098555e-11,2.6743876078418562e-11,3.953247440525233e-11,-15.35909233560404,-15.727756487765294,-14.030460015711398,2.1087127465843783e-10,(4.9999999999999996e-05+0j),20.459748551401432,0.0,0.0,0.0,-210.0,-210.0,-210.0,2.0994327059675432e-10,0j,20.421439258051475,1.4392987419070973e-11,1.294889325642587e-11,1.9360576525812622e-11,-18.41849054224503,-18.87767349201823,-17.130817142667222,9.801791967445601e-12,(0.00038537217754632897+0.00039789334095416905j),-6.1944902965117175,1.44156347154475e-11,-1.2849441605764196e-11,1.931110234629704e-11,-18.411662310178563,-18.9111574492448,-17.14192934441759,9.766974477817517e-12,(-0.00038274392683744805-0.00039866901511353877j),-6.22539885606286
190.0,4.307901014745824e-12,1.3321625820484799e-11,1.4000847319139489e-11,-23.657342843071024,-18.754427690263217,-18.5384568040095,7.46824207486069e-11,(4.9999999999999996e-05+0j),11.443767820392743,0.0,0.0,0.0,-210.0,-210.0,-210.0,7.650563268913541e-11,0j,11.653268307637372,1.855381870402184e-12,6.8870491020201375e-12,7.1325933024849724e-12,-27.31566691364049,-21.619668206504606,-21.467525385647743,9.729614869740375e-12,(0.00019237023899986065+5.432287934722667e-05j),-6.258686917279236,1.879947303783451e-12,-6.862324506434024e-12,7.115173890820071e-12,-27.258543241388796,-21.6352874882409,-21.478144815388298,9.724545168672505e-12,(-0.00019171084210471993-5.500939030846192e-05j),-6.263213955700157
200.0,1.7125162026668035e-12,7.73520272853153e-12,7.92250421242412e-12,-27.663653108162688,-21.11528299582092,-21.011375212216553,4.225988847860369e-11,(4.9999999999999996e-05+0j),6.497967019517192,0.0,0.0,0.0,-210.0,-210.0,-210.0,4.6125683080735e-11,0j,7.2582563013894426,6.454386340164172e-13,4.2877732192570016e-12,4.336080051158942e-12,-31.901450425918952,-23.677681925852966,-23.629027086062745,9.898503896143133e-12,(0.00011666575968080967+1.9677349090668415e-05j),-6.109208746075982,6.611823095503314e-13,-4.27505430915009e-12,4.325881574043037e-12,-31.796787748335802,-23.690583637394617,-23.6392537404247,9.896564031244484e-12,(-0.00011633152967065408-2.0103822952425292e-05j),-6.11091113502844
210.0,9.80300748052215e-13,5.1363333950995625e-12,5.229044874759322e-12,-30.086406659585762,-22.893467943331324,-22.81577631114172,2.789280100234016e-11,(4.9999999999999996e-05+0j),2.889242655138883,0.0,0.0,0.0,-210.0,-210.0,-210.0,3.374783328114424e-11,0j,4.544317986061453,3.262514457452391e-13,3.1680669814509366e-12,3.184821565615648e-12,-34.86447555124043,-24.992056448328558,-24.96914894643952,1.0171691764843801e-11,(8.360399236538062e-05+1.0171965438518631e-05j),-5.8727360897648175,3.3769456577103737e-13,-3.1595632608999304e-12,3.1775584368158978e-12,-34.71475928036904,-25.003729447517365,-24.97906453817756,1.0170628735458355e-11,(-8.338670322069872e-05-1.0472301123109013e-05j),-5.8736438874698305
220.0,6.706154120537505e-13,3.5768193927226295e-12,3.6391430308577735e-12,-31.73526469855924,-24.46502988485139,-24.39000874809054,1.941230237790671e-11,(4.9999999999999996e-05+0j),-0.2590589626261226,0.0,0.0,0.0,-210.0,-210.0,-210.0,2.733437696175013e-11,0j,2.713583674203941,1.9964801725883143e-13,2.577650131308094e-12,2.585370288803524e-12,-36.997349985065796,-25.887760304867907,-25.874772464318422,1.0554118839017561e-11,(6.544473272418286e-05+6.239159676902712e-06j),-5.5521603130863095,2.0868395859112903e-13,-2.5711861893010185e-12,2.579640946842323e-12,-36.805109336039784,-25.898664733150444,-25.88440738089737,1.0553424858466397e-11,(-6.528596164787503e-05-6.4673357578601085e-06j),-5.552731467984002
230.0,5.094842258755186e-13,2.4809271262309784e-12,2.5327008473336677e-12,-32.92869257626679,-26.0538599233423,-25.96416104336879,1.3510773256024372e-11,(4.9999999999999996e-05+0j),-3.4069958029879994,0.0,0.0,0.0,-210.0,-210.0,-210.0,2.3649854762123946e-11,0j,1.4559696468001015,1.3797912964790487e-13,2.235959060974562e-12,2.2402123030134084e-12,-38.60186598846624,-26.505361523757788,-26.497108219970325,1.1064019131746782e-11,(5.409607688123155e-05+4.220980534587169e-06j),-5.142341551722955,1.4554055521329937e-13,-2.230641137630583e-12,2.2353840694837337e-12,-38.37015972649332,-26.51570292774319,-26.50647848403437,1.1063517333153066e-11,(-5.39719496691526e-05-4.403037526245075e-06j),-5.142735501335306
240.0,4.1502529889048267e-13,1.6195712522386477e-12,1.6719022219606612e-12,-33.819254289899476,-27.90599940661915,-27.767891250457097,8.91983320243754e-12,(4.9999999999999996e-05+0j),-7.0134652471433965,0.0,0.0,0.0,-210.0,-210.0,-210.0,2.1490929483198484e-11,0j,0.6245040696014915,1.0442329038764143e-13,2.0352620914774414e-12,2.0379391562508706e-12,-39.81202626249974,-26.913796564372007,-26.908087862270182,1.1729734611437767e-11,(4.6413221577864846e-05+3.037097914737363e-06j),-4.6348361894549495,1.1104107041343993e-13,-2.0306318198617116e-12,2.033665583903472e-12,-39.545163603581535,-26.923688127337382,-26.917204609540605,1.172934694921384e-11,(-4.6311770785142415e-05-3.18744001565775e-06j),-4.635123258774819
250.0,3.560122748786812e-13,8.797250643469286e-13,9.490315741346551e-13,-34.48535027813151,-30.55653034319436,-30.22719338421661,5.065499060527018e-12,(4.9999999999999996e-05+0j),-11.928155130386479,0.0,0.0,0.0,-210.0,-210.0,-210.0,2.0333062512611925e-11,0j,0.14345600395738792,8.542974601199809e-14,1.9279350018550716e-12,1.9298268349470087e-12,-40.683908848198975,-27.14907611932936,-27.144816588683717,1.259344799170794e-11,(4.0930055498183986e-05+2.2753467527743963e-06j),-4.017706853998858,9.144426647279225e-14,-1.9237160560897436e-12,1.9258882413910275e-12,-40.388435194635505,-27.158590302055465,-27.15368918434445,1.2593134492954203e-11,(-4.084445860440794e-05-2.4027381219314576e-06j),-4.017923081474612
260.0,3.189399315233693e-13,1.934833653788121e-13,3.730395322193647e-13,-34.96291103351617,-37.13356367258688,-34.28245142145769,1.9987658669726104e-12,(4.9999999999999996e-05+0j),-20.005361425985694,0.0,0.0,0.0,-210.0,-210.0,-210.0,1.994339442091661e-11,0j,-0.0246183454904448,7.539249712583436e-14,1.892769641824232e-12,1.8942705576644274e-12,-41.226718718885806,-27.229022383194565,-27.22557990850726,1.3718760001500506e-11,(3.687418343351457e-05+1.7500491840846017e-06j),-3.274302742487401,8.10483816031996e-14,-1.88876883665068e-12,1.890506958057352e-12,-40.91255652842825,-27.23821191421863,-27.234217198669832,1.37184979962785e-11,(-3.6800189258617154e-05-1.860202629571446e-06j),-3.27446862994184
270.0,2.981806457643881e-13,-4.903886598011301e-13,5.739274650772657e-13,-35.255205490470445,-33.094595813989756,-32.41142991760981,3.067678026900702e-12,(4.9999999999999996e-05+0j),-16.284404401470816,0.0,0.0,0.0,-210.0,-210.0,-210.0,2.0250917045915194e-11,0j,0.10829397991967218,7.219355963917777e-14,1.9234770677560495e-12,1.924831405665646e-12,-41.41501543952842,-27.15912987109375,-27.156073039713853,1.5204658946426634e-11,(3.380180677891091e-05+1.3670358204081919e-06j),-2.381066253464355,7.769024761525307e-14,-1.9195356472083882e-12,1.9211072004128884e-12,-41.096334943612895,-27.168038182993,-27.164484002352395,1.520443460583896e-11,(-3.3736585845948884e-05-1.4638724179929162e-06j),-2.38119441233779
280.0,2.9304081502625124e-13,-1.2226107505920002e-12,1.2572390252988427e-12,-35.330718864506935,-29.127117897156683,-29.00582146737424,6.709363064977424e-12,(4.9999999999999996e-05+0j),-9.486974041927134,0.0,0.0,0.0,-210.0,-210.0,-210.0,2.1312451227919958e-11,0j,0.5520681364130374,7.59445955807851e-14,2.0257446133348115e-12,2.0271676842464054e-12,-41.19503126250888,-26.934153072534187,-26.931103256380847,1.721255878165278e-11,(3.1441283915187576e-05+1.0739629961590978e-06j),-1.3036911852304516,8.147058375435581e-14,-2.021705539842581e-12,2.023346422599812e-12,-40.88999171864302,-26.94282098860771,-26.939297541331282,1.7212363213453804e-11,(-3.138285188424923e-05-1.1602820489356578e-06j),-1.3037898744180856
290.0,3.082501718592246e-13,-2.0692653460018224e-12,2.092098764546092e-12,-35.110966725992476,-26.8418381532003,-26.794178169917096,1.1161518385822206e-11,(4.9999999999999996e-05+0j),-5.06613433356284,0.0,0.0,0.0,-210.0,-210.0,-210.0,2.334029993636765e-11,0j,1.3415287403353606,8.93412914919776e-14,2.2199921825069514e-12,2.2217891791881228e-12,-40.489477737828594,-26.536485548737176,-26.532971527124406,2.0022994334200072e-11,(2.9618659839881796e-05+8.393309699721433e-07j),0.009980576139318645,9.510701066922512e-14,-2.2156657406899287e-12,2.2177060260425606e-12,-40.21787468522747,-26.544957574469535,-26.540960234389182,2.002282160652629e-11,(-2.9565560217850702e-05-9.171898751867899e-07j),0.009905647287119061
300.0,3.590900875159993e-13,-3.1391324041699103e-12,3.1596040799223264e-12,-34.44796583168331,-25.031903659859495,-25.0036733405171,1.6855150207654706e-11,(4.9999999999999996e-05+0j),-1.4859473699518477,0.0,0.0,0.0,-210.0,-210.0,-210.0,2.681953639699204e-11,0j,2.548425413878865,1.2029127174288603e-13,2.552586146778069e-12,2.5554189532796437e-12,-39.19765883644535,-25.930195920661184,-25.925378884131412,2.4168102720622517e-11,(2.821950418045005e-05+6.424711456753719e-07j),1.6442512493574724,1.2657588364778742e-13,-2.5476927225816955e-12,2.5508350913018562e-12,-38.976490320468415,-25.938529534695366,-25.93317617145841,2.416794878844852e-11,(-2.8170616319233753e-05-7.134075727149931e-07j),1.644195926763536
310.0,4.907786036687872e-13,-4.6513630136556644e-12,4.677183075594005e-12,-33.09114379341799,-23.324197648369463,-23.300156304840232,2.494971864675584e-11,(4.9999999999999996e-05+0j),1.9207131373311084,0.0,0.0,0.0,-210.0,-210.0,-210.0,3.2858599481606747e-11,0j,4.312381061536211,1.9164315798199143e-13,3.1290726474176827e-12,3.1349358418983338e-12,-37.175066812554874,-25.045843537581305,-25.03771342806037,3.079115694151954e-11,(2.7168922814389375e-05+4.677447949584747e-07j),3.7479202330065897,1.9888565949519508e-13,-3.123108667453822e-12,3.129434973645886e-12,-37.01396530232185,-25.054129043850736,-25.04534068197655,3.079101903154355e-11,(-2.7123324629381405e-05-5.328980830124539e-07j),3.7478813298398044
320.0,8.655213263667284e-13,-7.1564139063969476e-12,7.208563460639522e-12,-30.62722226680232,-21.45304549034542,-21.42151273876605,3.8452111283608125e-11,(4.9999999999999996e-05+0j),5.677803897244523,0.0,0.0,0.0,-210.0,-210.0,-210.0,4.4398983641143955e-11,0j,6.926860658339388,3.84658603235259e-13,4.227434675411265e-12,4.244898841658356e-12,-34.149245497313274,-23.739230946297155,-23.721326547799904,4.286341838241435e-11,(2.6423526514374814e-05+2.984413470827186e-07j),6.621136153183645,3.93679368129337e-13,-4.219248275154181e-12,4.237574713474943e-12,-34.04857345032913,-23.747649184775625,-23.728826315938537,4.2863294635815586e-11,(-2.638033973560914e-05-3.585746604862641e-07j),6.621111077002322
330.0,2.379317108750507e-12,-1.2559020832574587e-11,1.2782415819282181e-11,-26.235476725475483,-19.010442191646295,-18.93387058710294,6.818346799866134e-11,(4.9999999999999996e-05+0j),10.652981824043412,0.0,0.0,0.0,-210.0,-210.0,-210.0,7.214388208223257e-11,0j,11.143390249064772,1.1462273259814487e-12,6.831975133396222e-12,6.927461389727907e-12,-29.407292422039593,-21.654537230345753,-21.594258860834202,7.112776573155543e-11,(2.598266319475872e-05+9.455815657818059e-08j),11.02018342342266,1.158814372967941e-12,-6.817716462545472e-12,6.915497705491675e-12,-29.35986126807977,-21.663610643145855,-21.601765584367648,7.112765515590705e-11,(-2.5940596080514482e-05-1.4985317509934297e-07j),11.020169920276384
340.0,1.9356900747962338e-11,-3.071805079742915e-11,3.6308239441756226e-11,-17.131641767696685,-15.126063457622092,-14.399948091776471,1.9367293373097749e-10,(4.9999999999999996e-05+0j),19.720778711467048,0.0,0.0,0.0,-210.0,-210.0,-210.0,1.9487631898432728e-10,0j,19.774581439695055,9.593104302418159e-12,1.631896085966271e-11,1.8929768453319162e-11,-20.180408335746005,-17.873074992146677,-17.228546982422678,1.9456898385114835e-10,(2.5945218243988927e-05-5.358333370771336e-07j),19.76087230219401,9.604715349405555e-12,-1.6268387405146956e-11,1.8892087912855232e-11,-20.17515501600235,-17.88655494128632,-17.237200421351915,1.9456889336549284e-10,(-2.5897557316184968e-05+4.859739765837468e-07j),19.760868262759846
350.0,1.6290599293925628e-11,2.681543862904967e-11,3.137596810018106e-11,-17.880629386959406,-15.71615094743506,-15.034028652214973,1.6736357247212504e-10,(4.9999999999999996e-05+0j),18.45261883777417,0.0,0.0,0.0,-210.0,-210.0,-210.0,1.6560173076564422e-10,0j,18.36069751565422,8.002616230108177e-12,-1.3037986916864126e-11,1.529807077283639e-11,-20.96768009438996,-18.84789459094004,-18.153633342503575,1.6607209052137308e-10,(2.4565644764099454e-05-2.083209879348675e-07j),18.385333138998888,7.956048009404721e-12,1.303728033627263e-11,1.5273158759553108e-11,-20.993026048642637,-18.848129958845576,-18.16071133868645,1.6607215349089809e-10,(-2.452893075333011e-05+1.449080764658599e-07j),18.38533643242549
360.0,3.108284596709032e-12,1.199859197106316e-11,1.2394661851869939e-11,-25.0747922374444,-19.208697152086913,-19.067653170502684,6.611519448599616e-11,(4.9999999999999996e-05+0j),10.385425682815425,0.0,0.0,0.0,-210.0,-210.0,-210.0,6.644509019468097e-11,0j,10.428657992404933,1.4884231227052911e-12,-6.062543316003598e-12,6.242582386370538e-12,-28.27273591818125,-22.173451454067298,-22.04635717345056,6.638766605732036e-11,(2.5072543222911843e-05-1.506316255705433e-07j),10.421148101549383,1.4728033194981595e-12,6.056839561153097e-12,6.233334187052226e-12,-28.318552456623056,-22.177539301552102,-22.052795887020867,6.638772957314713e-11,(-2.5038522181670503e-05+9.504852001579674e-08j),10.421156411695385
370.0,1.4397961366720134e-12,7.252912851984768e-12,7.39444100346074e-12,-28.416989960895755,-21.394875408106245,-21.310946517263805,3.9443777967588626e-11,(4.9999999999999996e-05+0j),5.898970195824749,0.0,0.0,0.0,-210.0,-210.0,-210.0,4.1625312228877396e-11,0j,6.366550169570056,6.715899257471439e-13,-3.871223173905539e-12,3.92904592624575e-12,-31.728958271635896,-24.121517911192157,-24.05712894731454,4.109844528270632e-11,(2.5485644940469446e-05-2.934406994152481e-07j),6.255907951048279,6.626353221250532e-13,3.867011157874131e-12,3.923373658632428e-12,-31.787254175407874,-24.126245748118134,-24.063403280788933,4.1098495630580896e-11,(-2.5452259524249262e-05+2.4062786419120063e-07j),6.255918591738241
380.0,9.201436125169796e-13,4.952696325482303e-12,5.0374462935203295e-12,-30.361443843325343,-23.05158299962322,-22.97789571034874,2.687176918864815e-11,(4.9999999999999996e-05+0j),2.565325297462967,0.0,0.0,0.0,-210.0,-210.0,-210.0,3.088793041080647e-11,0j,3.7751762901223374,4.2173914020882666e-13,-2.8913124635891254e-12,2.9219089076304033e-12,-33.74956091686327,-25.38904971670855,-25.343333275975198,2.9885907480562786e-11,(2.6057332277551185e-05-4.641144827824048e-07j),3.4887290396992556,4.1548720525526037e-13,2.8880563169212598e-12,2.917790072544565e-12,-33.814423455804594,-25.39394342304035,-25.34945957684223,2.988594079387839e-11,(-2.602433519667187e-05+4.127278022445266e-07j),3.4887387217081316
390.0,6.907429808260924e-13,3.536732494986706e-12,3.6035541631360844e-12,-31.60683519591305,-24.513977873281938,-24.43268945902487,1.9223874833317187e-11,(4.9999999999999996e-05+0j),-0.343781311021332,0.0,0.0,0.0,-210.0,-210.0,-210.0,2.5130934026380002e-11,0j,1.9835726878313924,3.1520309003387437e-13,-2.35950354632639e-12,2.3804642347856676e-12,-35.01409533637804,-26.271793655773045,-26.233383391850232,2.3621807960454555e-11,(2.6850468785890046e-05-6.628322958419704e-07j),1.4456627763176346,3.1036082006105277e-13,2.356841865663575e-12,2.3771889740560234e-12,-35.08133109273602,-26.27669555860752,-26.23936292765894,2.3621820230067988e-11,(-2.681763146835177e-05+6.12095340016177e-07j),1.4456672879316768
400.0,5.708203340796471e-13,2.5282740588631716e-12,2.5919115668786342e-12,-32.435005646020784,-25.971758513544884,-25.86379820190258,1.3828609330179391e-11,(4.9999999999999996e-05+0j),-3.2050297609802634,0.0,0.0,0.0,-210.0,-210.0,-210.0,2.172942218739238e-11,0j,0.720363647494927,2.6309635276911874e-13,-2.0433299101219077e-12,2.0601982459072273e-12,-35.79885172375053,-26.8966150777861,-26.860909869313225,1.9659488784009156e-11,(2.7911517581048327e-05-9.005900298289205e-07j),-0.14915550416144543,2.5908506674101355e-13,2.0410545723626036e-12,2.0574325843561643e-12,-35.86557618349089,-26.90145383251055,-26.866743863571433,1.9659474618225193e-11,(-2.7878589675473313e-05+8.498642672051816e-07j),-0.14916176284303304
410.0,5.036258080252762e-13,1.732407921825413e-12,1.8041275348801034e-12,-32.978920228140154,-27.6134983902832,-27.437327651660624,9.628024407484813e-12,(4.9999999999999996e-05+0j),-6.349856262062036,0.0,0.0,0.0,-210.0,-210.0,-210.0,1.9663628983485243e-11,0j,-0.1473264876488502,2.377245579827309e-13,-1.8505165396242593e-12,1.865723567115726e-12,-36.2392595144188,-27.327070288961064,-27.29152702588232,1.695444939739147e-11,(2.9296209053548532e-05-1.1941072617674056e-06j),-1.4349261041999783,2.342319536914498e-13,1.8484993913037954e-12,1.863280603607684e-12,-36.30353859198475,-27.331806881005832,-27.29721736933191,1.6954401125550247e-11,(-2.9262914115413788e-05+1.1427663726943918e-06j),-1.4349508342559392
420.0,4.674015299133887e-13,1.0519021502929302e-12,1.1510700777781805e-12,-33.30309870395108,-29.780246571065007,-29.38898235478881,6.147505304260234e-12,(4.9999999999999996e-05+0j),-10.246621670603506,0.0,0.0,0.0,-210.0,-210.0,-210.0,1.8471438677720493e-11,0j,-0.6905854636383492,2.286909861119009e-13,-1.7387560120122731e-12,1.7537308905409796e-12,-36.407509528353586,-27.597613553583493,-27.560370482103806,1.501272232182737e-11,(3.108083465476327e-05-1.5681335688049128e-06j),-2.49141087568098,2.255236261711366e-13,1.7369115976697729e-12,1.7514915940652244e-12,-36.4680795410411,-27.602222849617732,-27.565919426510842,1.5012628738638327e-11,(-3.1046861900316364e-05+1.5154938084974602e-06j),-2.4914650201437967
430.0,4.535441666469414e-13,4.291855177524452e-13,6.24421748298298e-13,-33.43380414453785,-33.673549411010384,-32.0452197908583,3.3453555193515564e-12,(4.9999999999999996e-05+0j),-15.531754350795868,0.0,0.0,0.0,-210.0,-210.0,-210.0,1.7933446906348416e-11,0j,-0.9473244861916781,2.3217909186752374e-13,-1.6877724693695302e-12,1.7036675259751094e-12,-36.341768918127634,-27.726861015241564,-27.686151547117035,1.3571041241901651e-11,(3.337452855027084e-05-2.060706249660692e-06j),-3.368336507227153,2.2920127139434263e-13,1.6860390773574735e-12,1.7015466473726846e-12,-36.39782977638261,-27.731323639437516,-27.69156140356678,1.3570885543583846e-11,(-3.333951931034522e-05+2.005960169618428e-06j),-3.3684361595779952
440.0,4.601150639436732e-13,-1.7676914621020978e-13,4.929028333452517e-13,-33.37133547912083,-37.52593535702972,-33.07238685390272,2.648614906982381e-12,(4.9999999999999996e-05+0j),-17.560223532764315,0.0,0.0,0.0,-210.0,-210.0,-210.0,1.7960536042809157e-11,0j,-0.9342140272775052,2.478274658716636e-13,-1.6891680485198094e-12,1.7072513432358434e-12,-36.058505639184105,-27.72327142072357,-27.677025369140324,1.2476750916826411e-11,(3.633814172224573e-05-2.733095931600518e-06j),-4.0985698130906485,2.4493042813483033e-13,1.687497304651329e-12,1.7051797758101084e-12,-36.10957258361728,-27.72756912171598,-27.682298269199073,1.2476507072250751e-11,(-3.6301670135048293e-05+2.675224651209112e-06j),-4.09873957104963
450.0,4.903947808879754e-13,-8.023327084408538e-13,9.403322902868973e-13,-33.0945416051985,-30.95645502692403,-30.26718650297259,5.026554965747294e-12,(4.9999999999999996e-05+0j),-11.995191194100874,0.0,0.0,0.0,-210.0,-210.0,-210.0,1.855518978825198e-11,0j,-0.6512918971486247,2.7814161616839666e-13,-1.7428275990205333e-12,1.7648826585788769e-12,-35.55734026165997,-27.587455712934226,-27.532841641717752,1.1635736551029832e-11,(4.021668865342788e-05-3.689480083118906e-06j),-4.7047223199594015,2.752238587866127e-13,1.7411782551244021e-12,1.7627960428147809e-12,-35.603139203993344,-27.591567652100508,-27.537979330802223,1.1635362528391066e-11,(-4.017823586649043e-05+3.6271158532190383e-06j),-4.705001526313314
460.0,5.544605065977283e-13,-1.4882097146928853e-12,1.5881418728447684e-12,-32.561293825671406,-28.273358648140928,-27.991107035201086,8.47800069219145e-12,(4.9999999999999996e-05+0j),-7.454730959470883,0.0,0.0,0.0,-210.0,-210.0,-210.0,1.9811637443371072e-11,0j,-0.0821924790034693,3.2950176792173873e-13,-1.8567150536832694e-12,1.885725909467656e-12,-34.821422508830345,-27.31254741445135,-27.245214317769886,1.0987369545958046e-11,(4.539891443043654e-05-5.1188123639422505e-06j),-5.2027252793916805,3.264512461896579e-13,1.855049150922165e-12,1.8835545568089677e-12,-34.86181669187688,-27.316445789376225,-27.250217960192803,1.0986793763491551e-11,(-4.535783762591056e-05+5.049999828734947e-06j),-5.203180466958116
470.0,6.751405632302138e-13,-2.2904556389048393e-12,2.3878864742507725e-12,-31.706057983097537,-26.400781151367106,-26.21986324434808,1.2741927737699494e-11,(4.9999999999999996e-05+0j),-3.9158971578276214,0.0,0.0,0.0,-210.0,-210.0,-210.0,2.1954172339677538e-11,0j,0.8097414683990596,4.1556355773468543e-13,-2.0497540011310618e-12,2.0914551239914056e-12,-33.81362544292586,-26.88298257169599,-26.795514495686447,1.0491517860340137e-11,(5.253370867840351e-05-7.392522525359032e-06j),-5.603833427419982,4.1223378361161197e-13,2.048035330712788e-12,2.0891111526672257e-12,-33.848564195561266,-26.886625556057503,-26.800384524534863,1.0490609643424987e-11,(-5.248921788473712e-05+7.314265432266707e-06j),-5.604585369461697
480.0,9.0503975767306e-13,-3.2999155348509603e-12,3.421774320454172e-12,-30.433323421663268,-24.814971762486596,-24.6574863728863,1.825557325734828e-11,(4.9999999999999996e-05+0j),-0.7926904109565414,0.0,0.0,0.0,-210.0,-210.0,-210.0,2.5444948536272608e-11,0j,2.0914316232623733,5.666815548723447e-13,-2.3596530508795625e-12,2.426744837257878e-12,-32.466609231402714,-26.271518483711485,-26.149758856361778,1.0121559649616791e-11,(6.277289330813128e-05-1.1320809136680484e-05j),-5.915651135471292,5.628475473362417e-13,2.3578511965071418e-12,2.4240997558707403e-12,-32.496092220519074,-26.274836066094682,-26.1544951217375,1.0120057261057156e-11,(-6.272410331262311e-05+1.1228122081534145e-05j),-5.916940516779519
490.0,1.3800262060208196e-12,-4.683388713773754e-12,4.88247910119517e-12,-28.60112666481247,-23.294397949744763,-23.113596069761122,2.60462614608947e-11,(4.9999999999999996e-05+0j),2.2943080034070307,0.0,0.0,0.0,-210.0,-210.0,-210.0,3.126941362545095e-11,0j,3.8817948323857596,8.587976989734775e-13,-2.861028965404254e-12,2.9871424854941677e-12,-30.66109127864643,-25.434777453224704,-25.247440612298178,9.860983723057885e-12,(7.830340580135386e-05-1.8936056246243275e-05j),-6.142195074525922,8.540545883841609e-13,2.8591456964359246e-12,2.98397777360826e-12,-30.685143697368144,-25.437637132863138,-25.25204416063724,9.858291259229797e-12,(-7.824980086614356e-05+1.881973692757356e-05j),-6.144567012016687
500.0,2.52308802568156e-12,-6.76926007590363e-12,7.224185432321106e-12,-25.980675975201226,-21.69458799928443,-21.41211114964726,3.853650088884922e-11,(4.9999999999999996e-05+0j),5.696845650839175,0.0,0.0,0.0,-210.0,-210.0,-210.0,4.177481505739466e-11,0j,6.39769080453727,1.5205941692270502e-12,-3.701378264659113e-12,4.001550660128922e-12,-28.179866791638595,-24.31636529641552,-23.97771680513076,9.703727874576526e-12,(0.00010340864591055438-3.642495954307168e-05j),-6.281827734482962,1.5140762751102628e-12,3.699587584501882e-12,3.99742107642568e-12,-28.198522456912407,-24.318466866783943,-23.982201020435625,9.69821589635752e-12,(-0.00010335290171627508+3.626561290407074e-05j),-6.286762955031065
510.0,6.032116424954363e-12,-9.998279126293441e-12,1.1676986514143078e-11,-22.195302848061736,-20.000747430268312,-19.326692213621524,6.228769647810123e-11,(4.9999999999999996e-05+0j),9.867445488808155,0.0,0.0,0.0,-210.0,-210.0,-210.0,6.337875209286317e-11,0j,10.01827376313106,3.4328989419668507e-12,-5.044851899833595e-12,6.102075535177498e-12,-24.64338981191828,-22.97151578689534,-22.145224207008653,9.664668504193758e-12,(0.0001431005544434887-8.801771743895214e-05j),-6.316860664805384,3.422409459662132e-12,5.044393124690768e-12,6.095800891270345e-12,-24.6566803236541,-22.97191074908055,-22.149692269103845,9.650596815338702e-12,(-0.0001430681091194105+8.776918651026026e-05j),-6.329516474189098
520.0,1.8097803576024777e-11,-9.256593343209027e-12,2.0327690832898773e-11,-17.423741296995626,-20.335488150953505,-16.919119531616968,1.084311907705724e-10,(4.9999999999999996e-05+0j),14.682484629490048,0.0,0.0,0.0,-210.0,-210.0,-210.0,1.0717025144568679e-10,0j,14.580885080059316,9.519697372886955e-12,-4.129190160016493e-12,1.0376649239948694e-11,-20.213768574321524,-23.841351162669365,-19.839428633979384,9.79586816718382e-12,(0.00012106452853367972-0.0002575030864729795j),-6.199741278162115,9.502288969742217e-12,4.138142617663039e-12,1.0364252022630659e-11,-20.22171766586122,-23.831945458122018,-19.84462035023626,9.75285439300418e-12,(-0.00012124128277937904+0.0002571315354634305j),-6.237965105549216
530.0,1.6228555573122008e-11,9.268950880150566e-12,1.868901994243019e-11,-17.897201329487892,-20.329694193340245,-17.284134725513177,9.969033763500115e-11,(4.9999999999999996e-05+0j),13.952461424436786,0.0,0.0,0.0,-210.0,-210.0,-210.0,9.885642699636694e-11,0j,13.879498277634756,7.769359733080382e-12,5.2633348302806765e-12,9.384329714884093e-12,-21.09614769596429,-22.787390011934686,-20.275967418516906,9.767375949588033e-12,(-0.00014219184785940568-0.00021852089544361475j),-6.225041829653925,7.764668470874784e-12,-5.247437824332114e-12,9.371535636320674e-12,-21.098770826712144,-22.800526985691818,-20.28189239022992,9.72842787945674e-12,(0.00014182879039552394+0.00021847842670321183j),-6.259746640166145
540.0,6.098658230611466e-12,8.887782971277514e-12,1.0778975756459216e-11,-22.14765703864536,-20.51206558874498,-19.674225048683244,5.749772759320197e-11,(4.9999999999999996e-05+0j),9.172413706344425,0.0,0.0,0.0,-210.0,-210.0,-210.0,5.90968059629079e-11,0j,9.410680266047848,2.6348209536696147e-12,4.919617571656508e-12,5.580763255079715e-12,-25.7924889144773,-23.08068655967301,-22.533064005604402,9.790090093997828e-12,(-0.0001334311806745553-7.589882426673901e-05j),-6.204866144334185,2.6364533091526267e-12,-4.911228857795618e-12,5.574141633021742e-12,-25.78979915497669,-23.088098277576307,-22.53822000520753,9.775643541643393e-12,(0.00013323538031043182+7.597123972658446e-05j),-6.217692771185085
550.0,2.9915801959560264e-12,6.205126358784757e-12,6.88862433271852e-12,-25.240993504370643,-22.072493702709387,-21.618674986091456,3.67469306341151e-11,(4.9999999999999996e-05+0j),5.283821477934771,0.0,0.0,0.0,-210.0,-210.0,-210.0,4.053388897525166e-11,0j,6.13576555877448,1.164388772041894e-12,3.650572194446125e-12,3.831772247840472e-12,-29.339019910241568,-24.376390584436987,-24.166003123402593,9.997746021359607e-12,(-9.709226223439938e-05-3.3792967703753804e-05j),-6.02255791492431,1.1665296026104433e-12,-3.645506562511546e-12,3.827598386858427e-12,-29.331042357924403,-24.382421156264186,-24.170736371233556,9.990943594272452e-12,(9.69752399569026e-05+3.38615921160219e-05j),-6.028469771515924
560.0,1.834010774973121e-12,4.394888543179668e-12,4.762209658308779e-12,-27.365981171405764,-23.570521344004085,-23.2219148851068,2.5405456435738655e-11,(4.9999999999999996e-05+0j),2.0779401241890376,0.0,0.0,0.0,-210.0,-210.0,-210.0,3.129622852792095e-11,0j,3.889240174262056,6.460538622796781e-13,2.890770141649954e-12,2.9620833217216196e-12,-31.897312728474752,-25.389864396962597,-25.284027291858536,1.0326125676105102e-11,(-7.452647707838388e-05-1.854314422442788e-05j),-5.741851785116342,6.480207178846276e-13,-2.887193063247827e-12,2.959022581068634e-12,-31.884111090690105,-25.395241743805283,-25.288517206129107,1.0322185759720427e-11,(7.444614598327336e-05+1.8599920285035697e-05j),-5.745166504523028
570.0,1.2920027384450315e-12,3.1351678356440557e-12,3.3909509630495237e-12,-28.88736565837602,-25.037392050268778,-24.696784905613374,1.8092485434144215e-11,(4.9999999999999996e-05+0j),-0.8706352801306655,0.0,0.0,0.0,-210.0,-210.0,-210.0,2.6137703210383946e-11,0j,2.3247485328803523,4.1614658527098503e-13,2.441022721477395e-12,2.476241084224557e-12,-33.80753664659659,-26.1242817807305,-26.062070751400384,1.0776106611534499e-11,(-6.035893338328572e-05-1.1557942969345511e-05j),-5.3713623262191525,4.179018566767697e-13,-2.4382251079045963e-12,2.473779221885064e-12,-33.78925699345284,-26.129262008473763,-26.066390625870724,1.0773514076457987e-11,(6.029871865555419e-05+1.160502501220307e-05j),-5.37345224455155
580.0,9.978382380965407e-13,2.1755288712616678e-12,2.3934508599719936e-12,-30.00939857506346,-26.624351488472797,-26.209754846065497,1.2773934184102005e-11,(4.9999999999999996e-05+0j),-3.8941064295488594,0.0,0.0,0.0,-210.0,-210.0,-210.0,2.3099848695472992e-11,0j,1.2515827919776623,2.9846899600937575e-13,2.1697259739144696e-12,2.190158565825301e-12,-35.2510077529295,-26.635951120185677,-26.59524441429276,1.1368081372195911e-11,(-5.08941857128468e-05-7.811459789641845e-06j),-4.906856441476181,3.000582086222792e-13,-2.1673767488090083e-12,2.1880486511591827e-12,-35.22794487842739,-26.64065589968967,-26.59943025713804,1.1366229291061281e-11,(5.0846366023633854e-05+7.851251142530862e-06j),-4.908271656796323
590.0,8.234057791314535e-13,1.3796352504642855e-12,1.6066706263048217e-12,-30.843860892014273,-28.60235717692191,-27.94073146161177,8.580967306600262e-12,(4.9999999999999996e-05+0j),-7.349874966935261,0.0,0.0,0.0,-210.0,-210.0,-210.0,2.134864050350178e-11,0j,0.5668045679682239,2.335100500153769e-13,2.0119746477870748e-12,2.0254799250538394e-12,-36.31694423139434,-26.963774959797018,-26.934720568405744,1.2136186473917697e-11,(-4.423460667901463e-05-5.570579318843118e-06j),-4.3389550969755835,2.349831189651981e-13,-2.0098916548784226e-12,2.023581362473112e-12,-36.2896333604144,-26.968273530057086,-26.938793291707434,1.213478725181155e-11,(4.419505675453762e-05+5.6048704031535965e-06j),-4.339956580388975
600.0,7.1623944963253e-13,6.670210519279097e-13,9.78731849346349e-13,-31.44941762232401,-31.758604590492,-30.09336278882216,5.23904954497998e-12,(4.9999999999999996e-05+0j),-11.635549802653706,0.0,0.0,0.0,-210.0,-210.0,-210.0,2.050244126268875e-11,0j,0.21551161397256363,1.9764468451012469e-13,1.936315541369427e-12,1.9463764530696224e-12,-37.041148611538645,-27.130238687687807,-27.10773158066031,1.3132374026150568e-11,(-3.936447047965542e-05-4.118662471840896e-06j),-3.653735043799661,1.9904554923822118e-13,-1.934382617296948e-12,1.944596421053e-12,-37.01047529021312,-27.13457619112509,-27.111705178839323,1.3131274288277106e-11,(3.933075233955628e-05+4.148730280445074e-06j),-3.6544624523981097
610.0,6.53408680202055e-13,-1.8313348190135733e-14,6.536652676143384e-13,-31.84815100440908,-47.372322473112376,-31.846445905797054,3.5152320116643793e-12,(4.9999999999999996e-05+0j),-15.101520022832542,0.0,0.0,0.0,-210.0,-210.0,-210.0,2.0401903085724907e-11,0j,0.1728136911989896,1.809844045111283e-13,1.929489273356715e-12,1.9379587742454356e-12,-37.42358846824565,-27.145576314667423,-27.126554658343522,1.4436369487940458e-11,(-3.570336676423685e-05-3.1175153445671555e-06j),-2.8314401339201694,1.8235229190972674e-13,-1.9276198535734103e-12,1.93622587996729e-12,-37.39088773850106,-27.14978609319898,-27.13043979310132,1.443548016008598e-11,(3.5673924966595385e-05+3.1442795801440936e-06j),-2.83197522977947
620.0,6.266958712403996e-13,-7.253724388000096e-13,9.58599441894495e-13,-32.0294316648308,-31.394389498645822,-30.18362828194441,5.133512163810078e-12,(4.9999999999999996e-05+0j),-11.812308004957387,0.0,0.0,0.0,-210.0,-210.0,-210.0,2.103132486540108e-11,0j,0.43673272409827446,1.804452156930778e-13,1.9907675495604228e-12,1.9989286911366627e-12,-37.43654628293535,-27.009794470729336,-26.99202698427275,1.6174948847002026e-11,(-3.2899806970358996e-05-2.390756201474525e-06j),-1.8437415953982559,1.8181804060184672e-13,-1.9888843543926118e-12,1.9971777024180925e-12,-37.40363026806488,-27.013904686147725,-26.995832912904905,1.617421489181826e-11,(3.287358586510598e-05+2.4148930404461963e-06j),-1.844135735647323
630.0,6.390345657084705e-13,-1.5100733443465476e-12,1.6397215255878603e-12,-31.944756499942613,-28.21001958487347,-27.85229902055712,8.758775942469126e-12,(4.9999999999999996e-05+0j),-7.171731576620461,0.0,0.0,0.0,-210.0,-210.0,-210.0,2.2512568229513783e-11,0j,1.0279009278975444,1.9822515937498179e-13,2.1318891888980815e-12,2.1410849416942238e-12,-37.02841224299406,-26.71235372769661,-26.693661029169927,1.8560699983329695e-11,(-3.073079256621352e-05-1.8387308574808158e-06j),-0.6487128967811057,1.996436691520956e-13,-2.129907687452666e-12,2.1392438738260945e-12,-36.997444570494274,-26.716392189550163,-26.69739703030305,1.8560085909558873e-11,(3.070703489449482e-05+1.8607479097977071e-06j),-0.6490002709233915
640.0,7.089057169078229e-13,-2.4540291718010213e-12,2.5543700772431157e-12,-31.494115213041827,-26.10120278985987,-25.92716181911578,1.3633539778311163e-11,(4.9999999999999996e-05+0j),-3.328427321018655,0.0,0.0,0.0,-210.0,-210.0,-210.0,2.5167175798420234e-11,0j,1.996089742162201,2.4416119007499343e-13,2.38286323244723e-12,2.3953396150207384e-12,-36.12323366909424,-26.229008838381993,-26.206329029287105,2.1976961180736668e-11,(-2.904994592825241e-05-1.4009985953811209e-06j),0.8187529079095739,2.4567415883658083e-13,-2.3806697577402336e-12,2.3933124091390588e-12,-36.0964052225368,-26.233008449723975,-26.210006074001345,2.1976443611712913e-11,(2.902807504296798e-05+1.4212834656762384e-06j),0.818548348219973
650.0,8.905625191894886e-13,-3.703041153301168e-12,3.808623817552368e-12,-30.503355868285492,-24.31441461444401,-24.19231921019614,2.032141458397552e-11,(4.9999999999999996e-05+0j),0.13847880918615132,0.0,0.0,0.0,-210.0,-210.0,-210.0,2.971272329471625e-11,0j,3.438249257203605,3.4596745253801295e-13,2.809425741176759e-12,2.8306477126979653e-12,-34.60964756259291,-25.51382442701803,-25.48114177244393,2.7187606493118545e-11,(-2.7759494621645833e-05-1.0378394688957603e-06j),2.6668195951558067,3.4763809605066396e-13,-2.8068339757493985e-12,2.828280257196395e-12,-34.588726372923794,-25.517832751276966,-25.48477558056426,2.7187170324971962e-11,(2.773903240747965e-05+1.0566913651802445e-06j),2.666680247149005
660.0,1.3529324032875485e-12,-5.568890892794035e-12,5.730878803788278e-12,-28.6872390156393,-22.54231290841013,-22.41778775873525,3.057321869937179e-11,(4.9999999999999996e-05+0j),3.6862233458944837,0.0,0.0,0.0,-210.0,-210.0,-210.0,3.786274272192496e-11,0j,5.5436414952578765,5.888074610369725e-13,3.563591344354841e-12,3.6119077363262687e-12,-32.30026695500285,-24.481121045979584,-24.422633519676552,3.594839118532432e-11,(-2.679527312819842e-05-7.189741506682241e-07j),5.092989266233079,5.907147554430993e-13,-3.560226188251198e-12,3.608899338275848e-12,-32.286221807801404,-24.48522409558346,-24.42625231390485,3.594802817364558e-11,(2.6775754563127252e-05+7.366274380164684e-07j),5.092901554510937
670.0,2.781285486568444e-12,-8.850527344077635e-12,9.277250844192053e-12,-25.557544304534066,-20.53030851810663,-20.32580700514135,4.948863461053062e-11,(4.9999999999999996e-05+0j),7.869509522898123,0.0,0.0,0.0,-210.0,-210.0,-210.0,5.45619485175969e-11,0j,8.71719751592407,1.3159243935172472e-12,5.047504561096095e-12,5.2162207874801095e-12,-28.807690624101483,-22.96923279940941,-22.826440344626867,5.326474561547477e-11,(-2.612064600372572e-05-4.091885524046878e-07j),8.508197231444683,1.3180810367807056e-12,-5.0423866883703576e-12,5.2118136128007765e-12,-28.800578881146983,-22.97363852395001,-22.8301112411439,5.3264456810091164e-11,(2.6101440660138563e-05+4.258645441806681e-07j),8.508150135782051
680.0,9.675882628973116e-12,-1.5400882116790915e-11,1.8188179530259588e-11,-20.14309408385651,-18.124544033529453,-17.402107676505523,9.701950301078246e-11,(4.9999999999999996e-05+0j),13.716580998555582,0.0,0.0,0.0,-210.0,-210.0,-210.0,9.912607121852589e-11,0j,13.903157958914479,4.769275735324835e-12,8.226338530890417e-12,9.508871471650594e-12,-23.2154756813684,-20.84793422340521,-20.21871022780505,9.864536127657282e-11,(-2.571260686090003e-05-6.583233802470776e-10j),13.860933440703814,4.770218121355403e-12,-8.215800152805844e-12,9.500229106508537e-12,-23.214617621055396,-20.85350133382205,-20.222659211856097,9.864518021323678e-11,(2.569224646759885e-05+1.714903044749251e-08j),13.860917497758525
690.0,3.276245647609677e-11,4.7428723206072486e-12,3.3103978495004456e-11,-14.846235429916554,-23.23958566514498,-14.801198088044865,1.7658157535895545e-10,(4.9999999999999996e-05+0j),18.918307827228087,0.0,0.0,0.0,-210.0,-210.0,-210.0,1.7310508077433506e-10,0j,18.74559638586605,1.6178612846344396e-11,-1.8287310527261306e-12,1.628163907274402e-11,-17.910587175200224,-27.37850160518918,-17.883018768168128,1.7415416607149604e-10,(-2.4931545211675654e-05+5.49835156134472e-07j),18.798077446725024,1.616260849547694e-11,1.84157956841426e-12,1.6267185641187726e-11,-17.914885467934493,-27.348095120104205,-17.886875771323975,1.7415429776062998e-10,(2.4912791325723425e-05-5.271713018047225e-07j),18.798084014680747
700.0,8.462619738265405e-12,1.3422634776521706e-11,1.5867673338532312e-11,-20.724951733968968,-18.72162226596924,-17.994867487532904,8.464162641477317e-11,(4.9999999999999996e-05+0j),12.531080084175606,0.0,0.0,0.0,-210.0,-210.0,-210.0,8.220849194481617e-11,0j,12.277733715936616,4.084585050131923e-12,-6.554227989312176e-12,7.722806456699814e-12,-23.88852056534597,-21.834784557247634,-21.12224848994405,8.293737716013712e-11,(-2.4833858231814047e-05+2.798176020479728e-07j),12.354406026091407,4.076842493195929e-12,6.5529332692966845e-12,7.717614861223857e-12,-23.896760669773837,-21.83564254586786,-21.12516898195139,8.293757439637082e-11,(2.4820185161544076e-05-2.609043390820203e-07j),12.354426682280211
710.0,3.2961323194757394e-12,8.381691327732117e-12,9.006510854979985e-12,-24.81995362367913,-20.766683369561285,-20.45443423217337,4.804455798896782e-11,(4.9999999999999996e-05+0j),7.612284131094724,0.0,0.0,0.0,-210.0,-210.0,-210.0,4.770918876600632e-11,0j,7.551440726663392,1.5413733956104943e-12,-4.232336727638715e-12,4.50427642588856e-12,-28.120921412882932,-23.73419786828776,-23.463749648364924,4.787843703323167e-11,(-2.5086210578952408e-05+4.5195813489845773e-07j),7.582199379669282,1.5374572989028488e-12,4.230585084655386e-12,4.501291492944915e-12,-28.131969374116625,-23.735995660846076,-23.4666286227182,4.787858023949024e-11,(2.5072655748586406e-05-4.348049133598849e-07j),7.582225359462572
720.0,1.8947970235357678e-12,5.7241177173817235e-12,6.0295753915879815e-12,-27.224373061601494,-22.42291443486053,-22.19713270211946,3.216671838953722e-11,(4.9999999999999996e-05+0j),4.127535225797307,0.0,0.0,0.0,-210.0,-210.0,-210.0,3.37425813291479e-11,0j,4.54296615333735,8.611453786588931e-13,-3.0749254874592508e-12,3.1932331760477623e-12,-30.649235247140183,-25.121654037186005,-24.957693672815992,3.3410263869566615e-11,(-2.547932698876415e-05+6.995001996953254e-07j),4.45699819968904,8.585922347684921e-13,3.0734588517168354e-12,3.1911330180362775e-12,-30.66213043660499,-25.123725969540377,-24.96055092454838,3.341034694675833e-11,(2.5465748947902818e-05-6.829898823884048e-07j),4.457019797795071
730.0,1.3287826572131046e-12,4.126805609419654e-12,4.33545705641837e-12,-28.76546048772948,-23.843859878089635,-23.629651111942344,2.3131948665380225e-11,(4.9999999999999996e-05+0j),1.2636444835717868,0.0,0.0,0.0,-210.0,-210.0,-210.0,2.657235585524805e-11,0j,2.468001283754258,5.928858756409681e-13,-2.4474164624175567e-12,2.518205909382119e-12,-32.270288957576746,-26.112921230305446,-25.989087612606227,2.574312895973237e-11,(-2.606777136680306e-05+9.869459923168481e-07j),2.1926267324615396,5.909809706664902e-13,2.44619296931607e-12,2.5165688051037425e-12,-32.284265029894556,-26.11509286382507,-25.991911911287996,2.574314629395428e-11,(2.605414676460017e-05-9.706550493210053e-07j),2.192632581132383
740.0,1.0461656229360538e-12,3.024545539735834e-12,3.200365327981965e-12,-29.803995550163535,-25.19339872056916,-24.948004432830203,1.7079676843269403e-11,(4.9999999999999996e-05+0j),-1.371006926398567,0.0,0.0,0.0,-210.0,-210.0,-210.0,2.241022411258253e-11,0j,0.9883240807605016,4.644354645059585e-13,-2.0744979877566527e-12,2.1258509359541808e-12,-33.330746247405855,-26.83086982096327,-26.724671913471486,2.1057944611357147e-11,(-2.6888414582848274e-05+1.3219378951484041e-06j),0.44771966729169776,4.62890770155672e-13,2.0734475114758833e-12,2.124488749779778e-12,-33.34521478777405,-26.833069541581324,-26.72745564372772,2.1057886694814367e-11,(2.6874685470243447e-05-1.3056023171269623e-06j),0.4476957780945385
750.0,8.883723876514748e-13,2.1810167955277795e-12,2.355003134077712e-12,-30.514049486343254,-26.613409900027072,-26.28008510568312,1.257386317842022e-11,(4.9999999999999996e-05+0j),-4.031225307359848,0.0,0.0,0.0,-210.0,-210.0,-210.0,1.9859731293700638e-11,0j,-0.06113255119261117,3.980031163497916e-13,-1.842872612536067e-12,1.885360959248826e-12,-34.001135274031476,-27.34504684088964,-27.246054902313386,1.7933253350187368e-11,(-2.7981930598068672e-05+1.7225859738390017e-06j),-0.9474182337314083,3.966746554947872e-13,1.841943313313065e-12,1.884172484612441e-12,-34.01565546766546,-27.34723739554021,-27.2487934268616,1.7933105515795116e-11,(2.7968013084053088e-05-1.7059813708850815e-06j),-0.9474898369415707
760.0,7.971305977754775e-13,1.4811903937167652e-12,1.6820648537879615e-12,-30.98470520201377,-28.29389113237049,-27.74157263532603,8.98966630766692e-12,(4.9999999999999996e-05+0j),-6.9457284889122075,0.0,0.0,0.0,-210.0,-210.0,-210.0,1.830501397667466e-11,0j,-0.7691986168714138,3.6528553072497356e-13,-1.7001169399585174e-12,1.7389166536930223e-12,-34.37367530226505,-27.695212053087698,-27.59721233240905,1.5726316353249455e-11,(-2.94022260668934e-05+2.216198390925425e-06j),-2.088059758086828,3.6408919765102613e-13,1.6992722570999483e-12,1.7378397934204754e-12,-34.38792206180437,-27.69737032971164,-27.599902624330372,1.5726056824597956e-11,(2.938801619906735e-05-2.1990962617693335e-06j),-2.0882031009889457
770.0,7.482165159194111e-13,8.603148851127387e-13,1.1401621184029606e-12,-31.259727095386445,-30.65342562899126,-29.43033392416135,6.108119058023531e-12,(4.9999999999999996e-05+0j),-10.302450040619068,0.0,0.0,0.0,-210.0,-210.0,-210.0,1.744844641414166e-11,0j,-1.1854646327078502,3.5481655603768194e-13,-1.6201615427656257e-12,1.6585590773605665e-12,-34.499961238232466,-27.904416807450364,-27.80269054434069,1.4105947472855141e-11,(-3.122440131470051e-05+2.8434789931390298e-06j),-3.032554667204994,3.536961162249125e-13,1.6193749370257157e-12,1.657551244848746e-12,-34.513697089479,-27.90652586558952,-27.80533036068885,1.410554404366842e-11,(3.120977559553585e-05-2.825619240388406e-06j),-3.03280308664009
780.0,7.320602387644592e-13,2.76008450996328e-13,7.823636355309912e-13,-31.354531808451508,-35.590776202359315,-31.065913438738946,4.21275761992467e-12,(4.9999999999999996e-05+0j),-13.529270457100896,0.0,0.0,0.0,-210.0,-210.0,-210.0,1.7148428126444034e-11,0j,-1.336113562494208,3.624693305504753e-13,-1.5902319950073243e-12,1.6310186429145083e-12,-34.40728734296235,-27.985395129111424,-27.875410748465267,1.2884986054044433e-11,(-3.355543074001272e-05+3.6671324975840212e-06j),-3.818920856635177,3.613816055199845e-13,1.589483338814555e-12,1.6300472229899559e-12,-34.420339569894665,-27.987440200605164,-27.877998137635988,1.288439039759662e-11,(3.354024344806898e-05-3.6481952434648465e-06j),-3.819322403500584
790.0,7.47575657588251e-13,-3.0479128610978413e-13,8.073209348870882e-13,-31.26344848474606,-35.15997453502167,-30.92953785546983,4.345889196970819e-12,(4.9999999999999996e-05+0j),-13.259026926684749,0.0,0.0,0.0,-210.0,-210.0,-210.0,1.7357332138688533e-11,0j,-1.2309404348158905,3.885074702212571e-13,-1.605578260022696e-12,1.6519139213273884e-12,-34.1060062616891,-27.943685209491335,-27.82012586837977,1.1950298984443167e-11,(-3.655083428458249e-05+4.788089002978612e-06j),-4.473024492668452,3.8741380250152754e-13,1.6048516706164122e-12,1.6509507379231465e-12,-34.11824910608474,-27.9456510133367,-27.822658852879808,1.1949436592896014e-11,(3.653491311291918e-05-4.7676557821832725e-06j),-4.473651331219229
800.0,8.012656441115497e-13,-9.135965211776839e-13,1.2151893827471761e-12,-30.962234781158784,-30.39245562815622,-29.153560336107557,6.5091495350692515e-12,(4.9999999999999996e-05+0j),-9.750114938704183,0.0,0.0,0.0,-210.0,-210.0,-210.0,1.8102335088692355e-11,0j,-0.8659079178587028,4.37289300578661e-13,-1.6676045375237912e-12,1.7239857383315306e-12,-33.59231148670449,-27.7790693183618,-27.63466331196653,1.1230079601676014e-11,(-4.044214495060839e-05+6.37740995149067e-06j),-5.01294322002532,4.3614885881637396e-13,1.666887363996994e-12,1.723002992249193e-12,-33.60365259518314,-27.780937456112653,-27.637139683348014,1.1228831117885307e-11,(4.042528712196505e-05-6.354901732269871e-06j),-5.013908911778369
810.0,9.103298780905095e-13,-1.5869449057351305e-12,1.8295066604915554e-12,-30.40801202982426,-27.994381504666727,-27.37666005084472,9.777478364590098e-12,(4.9999999999999996e-05+0j),-6.216062640739044,0.0,0.0,0.0,-210.0,-210.0,-210.0,1.949372800472126e-11,0j,-0.2227018717641999,5.190463864769281e-13,-1.7839726063426743e-12,1.8579470959895038e-12,-32.84793828103845,-27.486118186849833,-27.30966656460213,1.0677266082196079e-11,(-4.5583300708111495e-05+8.743346385737907e-06j),-5.451398599898528,5.17808470073791e-13,1.7832557969106896e-12,1.856913258312229e-12,-32.85830849852821,-27.48786355524168,-27.31208382914073,1.067543042502405e-11,(4.556527575683066e-05-8.717915257989267e-06j),-5.452892023986062
820.0,1.1123665931180902e-12,-2.3743249367648545e-12,2.6219798517205615e-12,-29.53752062456502,-26.24459846212439,-25.813706499152712,1.3999433636125232e-11,(4.9999999999999996e-05+0j),-3.098390590687682,0.0,0.0,0.0,-210.0,-210.0,-210.0,2.1765072955980196e-11,0j,0.7346026315223451,6.551013229766644e-13,-1.9703580657255918e-12,2.0764076311109223e-12,-31.836915235097717,-27.05454843971315,-26.82687383692594,1.0260690865087183e-11,(-5.252829938514879e-05+1.2484273101753315e-05j),-5.797067846313615,6.536931060866694e-13,1.9696393508908894e-12,2.0752816313751542e-12,-31.84626095123275,-27.056132876743078,-26.82922957914527,1.0257906522570242e-11,(5.25088796107911e-05-1.2454598312404608e-05j),-5.799425170404364
830.0,1.4915470188744969e-12,-3.3492038379460795e-12,3.666316797226632e-12,-28.263630515772252,-24.75058419793301,-24.357700114569653,1.956656681677395e-11,(4.9999999999999996e-05+0j),-0.19030730745796445,0.0,0.0,0.0,-210.0,-210.0,-210.0,2.5371823094822322e-11,0j,2.066433579026211,8.915154552193051e-13,-2.253561936991332e-12,2.4234977224563278e-12,-30.4987112353935,-26.471305012611147,-26.15557384080324,9.96043024939615e-12,(-6.214520366598713e-05+1.8872988767623186e-05j),-6.055037942189481,8.898178923136242e-13,2.2528569917101284e-12,2.4222180964105336e-12,-30.506988657772858,-26.47266375822717,-26.157867555764163,9.955990632054332e-12,(6.212429895715216e-05-1.8836863958031402e-05j),-6.058910327407139
840.0,2.254172137899421e-12,-4.617644097764345e-12,5.1384753615153145e-12,-26.47012922502274,-23.355795431237894,-22.891657215306513,2.7416665822561776e-11,(4.9999999999999996e-05+0j),2.7396928573460153,0.0,0.0,0.0,-210.0,-210.0,-210.0,3.121961957085783e-11,0j,3.8679522192984237,1.3372096821596023e-12,-2.6712156378390704e-12,2.9872265929951442e-12,-28.738004875287174,-25.732910514981082,-25.24731833185958,9.766107056868949e-12,(-7.565007953466748e-05+3.093206724828305e-05j),-6.226170298358905,1.3350035559021258e-12,2.6705963969207534e-12,2.9856857854632713e-12,-28.745175775154248,-25.733917412690133,-25.24955899497737,9.758476936651423e-12,(7.562828580646263e-05-3.0885516425622955e-05j),-6.23295911245404
850.0,3.9644350518608765e-12,-6.2489490739342555e-12,7.400412813421082e-12,-24.018186926693318,-22.041930146187912,-21.307440535676285,3.948009309526213e-11,(4.9999999999999996e-05+0j),5.906963448288857,0.0,0.0,0.0,-210.0,-210.0,-210.0,4.1154325010834267e-11,0j,6.267709747497535,2.277199937132133e-12,-3.22474843408103e-12,3.947738848604685e-12,-26.425988368502882,-24.91504159463389,-24.036515845640068,9.678452459952239e-12,(-9.337902763101026e-05+5.6683260461888507e-05j),-6.304481489905763,2.2740410462386786e-12,3.2244876741180033e-12,3.945704428934995e-12,-26.432017006007555,-24.915392788515476,-24.038754506829918,9.663871357855166e-12,(9.335999173948036e-05-5.661875929099419e-05j),-6.317577110556147
860.0,8.120186926447541e-12,-7.459546700988756e-12,1.1026435176641714e-11,-20.904339731984443,-21.272875627740646,-19.57564871362953,5.882016045823658e-11,(4.9999999999999996e-05+0j),9.369924184813836,0.0,0.0,0.0,-210.0,-210.0,-210.0,5.8164286205959004e-11,0j,9.272528142435764,4.410214340919431e-12,-3.445338575361359e-12,5.596458561601654e-12,-23.555403028640313,-24.627680932959812,-22.520867075801387,9.71037716871501e-12,(-0.0001026909745203553+0.00011640727282614638j),-6.27587793281171,4.405290857453726e-12,3.446464187630579e-12,5.593273007406798e-12,-23.560254121969862,-24.626262299204775,-22.52333982260049,9.679342432767153e-12,(0.00010269180048545994-0.00011631369466752267j),-6.303682823973046
870.0,1.451458122052223e-11,-2.8300884088108964e-12,1.4787916297058973e-11,-18.381954900589726,-25.481999973877233,-18.300930162966782,7.888343192130035e-11,(4.9999999999999996e-05+0j),11.919116023978894,0.0,0.0,0.0,-210.0,-210.0,-210.0,7.643337140921435e-11,0j,11.645060413870755,7.306612073428806e-12,-6.606873589117492e-13,7.336422001071189e-12,-21.362839498385163,-31.800040025717223,-21.345156954043624,9.805383799334445e-12,(-2.7435169580372904e-05+0.0002015485968868566j),-6.191307966113392,7.300494414962714e-12,6.654115379505262e-13,7.330756524243556e-12,-21.36647726945426,-31.769096729219566,-21.34851204437912,9.749679716933031e-12,(2.7501981912976363e-05-0.0002014487750762381j),-6.2407929315208275
880.0,1.1515549527237189e-11,5.54750439458397e-12,1.278212368592094e-11,-19.38715332475931,-22.559023450593948,-18.93396984326732,6.818455224698551e-11,(4.9999999999999996e-05+0j),10.65311994530186,0.0,0.0,0.0,-210.0,-210.0,-210.0,6.678980522473468e-11,0j,10.473603625891904,5.298207072218072e-12,3.4887463271763485e-12,6.343685767398009e-12,-22.758710719798508,-24.573306077123085,-21.976583378066273,9.782318142782915e-12,(9.085943237590196e-05+0.00015046367179154905j),-6.211764254495856,5.295293967872542e-12,-3.4831320457677674e-12,6.338165906194132e-12,-22.761099250595972,-24.580300610969527,-21.980363970167176,9.738461165988125e-12,(-9.076254362837811e-05-0.00015043273716261346j),-6.250793178004636
890.0,6.104780919266615e-12,6.281507711553022e-12,8.759320133580107e-12,-22.143299168560052,-22.019361027247797,-20.575296008744857,4.6727839204688424e-11,(4.9999999999999996e-05+0j),7.370914062362939,0.0,0.0,0.0,-210.0,-210.0,-210.0,4.776857106880698e-11,0j,7.562245089815166,2.5487128410195497e-12,3.736658018873292e-12,4.523112898877058e-12,-25.936790929677237,-24.275166472165598,-23.445625719384964,9.871637627223305e-12,(9.907188759350931e-05+7.333428387948634e-05j),-6.132815819418905,2.548064210404441e-12,-3.732850963597995e-12,4.5196025861549475e-12,-25.937896321165287,-24.279593492055152,-23.448997515222327,9.849191559199231e-12,(-9.900216846481778e-05-7.333949235485289e-05j),-6.152588228784986
900.0,3.541896038156501e-12,4.9585350667050554e-12,6.0936112078842395e-12,-24.50764190384108,-23.046466110939466,-22.15125258622857,3.251077550583577e-11,(4.9999999999999996e-05+0j),4.2199466706682385,0.0,0.0,0.0,-210.0,-210.0,-210.0,3.589404238160379e-11,0j,5.079847512044276,1.341287284652955e-12,3.1245126450738203e-12,3.400239822306347e-12,-28.724781924862132,-25.052177133794594,-24.68490450654459,1.0123407306119592e-11,(8.140654410220005e-05+3.8410696273759955e-05j),-5.9140657003799895,1.3413505515937602e-12,-3.1219025711354765e-12,3.3978665315052007e-12,-28.724577078103376,-25.055806545979085,-24.687936842572064,1.0111148629808646e-11,(-8.135821376153899e-05-3.84237646177459e-05j),-5.92459002549091
910.0,2.3514461831013026e-12,3.7074750125589506e-12,4.390292714702594e-12,-26.286649563819008,-24.309217673243502,-23.575065230056865,2.3427950168062892e-11,(4.9999999999999996e-05+0j),1.3740859187164722,0.0,0.0,0.0,-210.0,-210.0,-210.0,2.9049519928715724e-11,0j,3.2421792797448266,8.125373558625947e-13,2.6318805477424256e-12,2.7544531530336736e-12,-30.901566634911745,-25.797338257851226,-25.59964609586533,1.0505335652531186e-11,(6.636798536633373e-05+2.268654439820472e-05j),-5.592401253997838,8.128230588959019e-13,-2.629922320912967e-12,2.7526664780007655e-12,-30.900039844287587,-25.80057078923577,-25.602464059472286,1.049780207859993e-11,(-6.633228359569096e-05-2.2700333851060803e-05j),-5.598632303414455
920.0,1.7306921887018724e-12,2.696977836518235e-12,3.2045256907542895e-12,-27.617801664604798,-25.691226225190707,-24.94236242317362,1.7106872501421633e-11,(4.9999999999999996e-05+0j),-1.3571875418919868,0.0,0.0,0.0,-210.0,-210.0,-210.0,2.497390837438252e-11,0j,1.9291303671487248,5.521801859560462e-13,2.3049500146282563e-12,2.3701682488163687e-12,-32.57919181333738,-26.373384883248786,-26.252208240578216,1.1021414996504216e-11,(5.5568113722749154e-05+1.4664919299221086e-05j),-5.175852803864918,5.52540271416069e-13,-2.3033631048436738e-12,2.368709003717348e-12,-32.57636063314521,-26.376375939507753,-26.254882891473386,1.1016348484659291e-11,(-5.5540169985157176e-05-1.4677828430746183e-05j),-5.179846599655304
930.0,1.374562386363447e-12,1.8587601877754364e-12,2.3117982588591396e-12,-28.61835544333767,-27.307766381162413,-26.360500676940003,1.2350741238932326e-11,(4.9999999999999996e-05+0j),-4.186739455587998,0.0,0.0,0.0,-210.0,-210.0,-210.0,2.2532864221580442e-11,0j,1.0357280814855112,4.120119299336224e-13,2.1002438205711204e-12,2.140275201055884e-12,-33.85090208652956,-26.777302844175516,-26.69530380568707,1.1695793826446963e-11,(4.782143595196821e-05+1.0096010195582354e-05j),-4.660005834590785,4.123980740297417e-13,-2.098877090923653e-12,2.1390084652164366e-12,-33.846833716140516,-26.7801299271656,-26.697874966862972,1.169216151407368e-11,(-4.7798575149708864e-05-1.0107775250358873e-05j),-4.662703792937262
940.0,1.1584779575287521e-12,1.1225509725664515e-12,1.6131310746774036e-12,-29.361122251581683,-29.497939295213143,-27.92330342656708,8.633132772131712e-12,(4.9999999999999996e-05+0j),-7.297231510530241,0.0,0.0,0.0,-210.0,-210.0,-210.0,2.117563766227519e-11,0j,0.4961300290305162,3.337176150426459e-13,1.985060246694096e-12,2.0129162003409326e-12,-34.76620868820445,-27.02226307838023,-26.961743048366614,1.2569413554785682e-11,(4.2135451204888884e-05+7.2601838953201015e-06j),-4.034299603573036,3.341145109532189e-13,-1.983822627076628e-12,2.011761596743193e-12,-34.7610466207496,-27.024971605716907,-26.96423486515455,1.256668846607899e-11,(-4.211610375902684e-05-7.270878190002773e-06j),-4.036182936146507
950.0,1.0274033813199618e-12,4.3379700975683864e-13,1.1152298209883313e-12,-29.8825900928894,-33.627134459838366,-29.526356261564665,5.991125461275668e-12,(4.9999999999999996e-05+0j),-10.470431626732886,0.0,0.0,0.0,-210.0,-210.0,-210.0,2.0642348139882802e-11,0j,0.2745820525967335,2.924565154197552e-13,1.941800552772893e-12,1.963700639140442e-12,-35.33938698871261,-27.11795379617731,-27.06924718524016,1.3705503161775957e-11,(3.786392541204061e-05+5.376858985036464e-06j),-3.2827002301486283,2.9286132689619446e-13,-1.940629333302238e-12,1.9626028549007282e-12,-35.333379742537986,-27.120574083902053,-27.071675737443396,1.3703391548154738e-11,(-3.784710521980155e-05-5.3866309132876075e-06j),-3.2840385725445955
960.0,9.57695326518313e-13,-2.538232712780342e-13,9.907606125988762e-13,-30.187726318994734,-35.95468562996547,-30.040312669943322,5.33387938240868e-12,(4.9999999999999996e-05+0j),-11.479736102200278,0.0,0.0,0.0,-210.0,-210.0,-210.0,2.0842492034690753e-11,0j,0.35839297064348485,2.781624275339091e-13,1.9646734072129397e-12,1.9842671022574703e-12,-35.557015322040726,-27.06709633193695,-27.023998678528475,1.5202684283266888e-11,(3.459558072678761e-05+4.054831928526752e-06j),-2.382194382691066,2.7857772057980046e-13,-1.96351786760144e-12,1.983181273306488e-12,-35.55053619484767,-27.069651423867363,-27.026375871569634,1.5201010902352445e-11,(-3.458062881989825e-05-4.063832860095473e-06j),-2.383150503443575
970.0,9.444525591360196e-13,-9.882893529741124e-13,1.3670063941549675e-12,-30.2481985227142,-30.051158833455002,-28.642294540205285,7.328484230854434e-12,(4.9999999999999996e-05+0j),-8.720316759472034,0.0,0.0,0.0,-210.0,-210.0,-210.0,2.1817947156826264e-11,0j,0.7556777978314345,2.8956038421586825e-13,2.0585915762657363e-12,2.0788565352085965e-12,-35.38260855780567,-26.864298086848276,-26.821754809028334,1.7220972193176586e-11,(3.206406131521429e-05+3.081211357231408e-06j),-1.2994466036635421,2.8999144367491643e-13,-2.0574020378362276e-12,2.077738718582614e-12,-35.37614815961697,-26.866808343368405,-26.82409067083111,1.7219627195638782e-11,(-3.205051088814942e-05-3.089577929800591e-06j),-1.300125018115677
980.0,1.001410231741318e-12,-1.8318566997506276e-12,2.0877072162200956e-12,-29.99387975583311,-27.37108502797916,-26.803304076313488,1.1160922313202736e-11,(4.9999999999999996e-05+0j),-5.066598209449893,0.0,0.0,0.0,-210.0,-210.0,-210.0,2.3764882320473513e-11,0j,1.4981134484413092,3.343107989247014e-13,2.2417132835873045e-12,2.2665043913677836e-12,-34.75849594578055,-26.494199347020686,-26.446434351559446,2.0035555382139532e-11,(3.009278431632101e-05+2.33145065959016e-06j),0.015427796794536654,3.3476418339768795e-13,-2.2404299461003167e-12,2.2653020553270573e-12,-34.752610135964346,-26.496686310848872,-26.448738809732028,2.003446782548489e-11,(-3.0080283036565132e-05-2.3393043728725693e-06j),0.014956302329422144
990.0,1.1754519174744074e-12,-2.8827510194599996e-12,3.11318818102792e-12,-29.29795131237153,-25.401928656048796,-25.067946269847017,1.6623370443783026e-11,(4.9999999999999996e-05+0j),-1.6062182526753335,0.0,0.0,0.0,-210.0,-210.0,-210.0,2.713711046892705e-11,0j,2.6506721380079252,4.363036984301345e-13,2.5540825676340332e-12,2.5910806007447685e-12,-33.60211105599035,-25.92765067100707,-25.865190772055136,2.415839583080417e-11,(2.8562559216832043e-05+1.726927237319214e-06j),1.640761943185821,4.3678473473404686e-13,-2.5526176632846854e-12,2.5897177142325103e-12,-33.59732548271764,-25.93014229911963,-25.867475725336085,2.4157519993055312e-11,(-2.8550817768127513e-05-1.734381992232088e-06j),1.6404470394983497
1000.0,1.6009069417528586e-12,-4.3211905599125286e-12,4.608209076336451e-12,-27.956339122142595,-23.643965813412432,-23.364678250190124,2.459287080279184e-11,(4.9999999999999996e-05+0j),1.7955846517658798,0.0,0.0,0.0,-210.0,-210.0,-210.0,3.294188621959798e-11,0j,4.334369343024745,6.624843429736087e-13,3.079506754753883e-12,3.149959897722504e-12,-31.78824381301368,-25.115188389680696,-25.016949751972856,3.0648078027649876e-11,(2.7392543766456793e-05+1.211746544598468e-06j),3.7074649798560424,6.629873411552307e-13,-3.0777051781295444e-12,3.148304524346e-12,-31.784947637806198,-25.117729847787167,-25.019232665141573,3.064738708439611e-11,(-2.738129105121812e-05-1.2189279152285547e-06j),3.7072691592733067
1010.0,2.7179045225192907e-12,-6.50847939303939e-12,7.053177227544279e-12,-25.65765803700408,-21.86520465863651,-21.516152033555258,3.763083807428763e-11,(4.9999999999999996e-05+0j),5.490277898233541,0.0,0.0,0.0,-210.0,-210.0,-210.0,4.363340185033035e-11,0j,6.7757815626991675,1.2300369818616449e-12,3.995448819971842e-12,4.180502631234872e-12,-29.100818310183275,-23.984344280924752,-23.78771498883227,4.202443427713826e-11,(2.6527835975049756e-05+7.333691402000595e-07j),6.449437602373108,1.2304964675653782e-12,-3.992979418664791e-12,4.17827789819819e-12,-29.09919628705645,-23.987029283188974,-23.79002678371898,4.2023921077234683e-11,(-2.6516760563329376e-05-7.404767055140444e-07j),6.449331530155373
1020.0,6.38052925497767e-12,-9.944317094007412e-12,1.1815269613504125e-11,-21.95143295732897,-20.024250358163282,-19.275563637208958,6.302945078337213e-11,(4.9999999999999996e-05+0j),9.970270543752731,0.0,0.0,0.0,-210.0,-210.0,-210.0,6.603898229756273e-11,0j,10.375407524520257,3.046948060655121e-12,5.559158160309848e-12,6.339411008577183e-12,-25.161349488502278,-22.54990969931091,-21.97951090321323,6.526139166794934e-11,(2.5912900174010038e-05+2.0298841763479867e-07j),10.272526700172698,3.0469260757994155e-12,-5.555178864609461e-12,6.335911199597898e-12,-25.161380824566347,-22.5530195316554,-21.981909181917445,6.526108749547739e-11,(-2.5901589830487137e-05-2.1058392453979312e-07j),10.272486216594094
1030.0,1.9264675194787952e-11,-8.521426631226008e-12,2.1065194568103237e-11,-17.152383088570758,-20.694876908903023,-16.76434525169303,1.1236755530852277e-10,(4.9999999999999996e-05+0j),14.99221873406578,0.0,0.0,0.0,-210.0,-210.0,-210.0,1.1031321038016423e-10,0j,14.831950562481794,9.335025114518707e-12,4.7835220861550485e-12,1.0489269633174092e-11,-20.298845093075954,-23.20252216501585,-19.7925475063629,1.10914949253905e-10,(2.522469398690948e-05-5.04401907971701e-07j),14.879201783542072,9.33177660391977e-12,-4.777200981998644e-12,1.0483496735721016e-11,-20.30035666454175,-23.208264870949478,-19.794938356980968,1.1091500103581703e-10,(-2.521390083558712e-05+4.94313785854397e-07j),14.879205838648
1040.0,1.5605778398709402e-11,9.886286648302207e-12,1.8473737659770518e-11,-18.067145643371177,-20.049668015253417,-17.334452279602626,9.854424074025371e-11,(4.9999999999999996e-05+0j),13.852025041005067,0.0,0.0,0.0,-210.0,-210.0,-210.0,9.362749395212866e-11,0j,13.407468069676625,7.448982692235931e-12,-4.535567939018325e-12,8.721165041362387e-12,-21.279030348109067,-23.433683233032752,-20.594254947420218,9.500098168593734e-11,(2.448753664446075e-05-4.164210411786053e-07j),13.53396194798844,7.444287697289462e-12,4.536716926382613e-12,8.7177531388622e-12,-21.281768511604433,-23.432583181872193,-20.595954330870747,9.500130004891628e-11,(-2.448087484047169e-05+4.0690205717899804e-07j),13.53399105569888
1050.0,6.129763279864726e-12,8.943666058218594e-12,1.0842654676236317e-11,-22.125562968084324,-20.484844249966145,-19.64864373693218,5.7841133608676775e-11,(4.9999999999999996e-05+0j),9.224136005910626,0.0,0.0,0.0,-210.0,-210.0,-210.0,5.4831577369367304e-11,0j,8.76001487962565,2.839191892979209e-12,-4.290169946727878e-12,5.1445669183096404e-12,-25.468052537419727,-23.675255037443534,-22.88651179289271,5.5697652163721055e-11,(2.4636705240637965e-05-4.607401507421387e-07j),8.8961378595555,2.836779782238664e-12,4.289448131492136e-12,5.14263403380791e-12,-25.471743769537728,-23.675985793455556,-22.888143803557305,5.569787628441222e-11,(-2.463024855878021e-05+4.5320762228002266e-07j),8.8961728104663
1060.0,3.2390567339206234e-12,6.383396206661325e-12,7.158158677814759e-12,-24.89581445008385,-21.94948198805893,-21.451986786568927,3.819045804245638e-11,(4.9999999999999996e-05+0j),5.618497430211012,0.0,0.0,0.0,-210.0,-210.0,-210.0,3.723013379305515e-11,0j,5.397292025421374,1.4529919483131596e-12,-3.1960636412028224e-12,3.5108415516057564e-12,-28.377367923178447,-24.953845814393894,-24.545887703113717,3.7558746721665755e-11,(2.4926112942452626e-05-7.461121059980937e-07j),5.473621928492233,1.4515243058285358e-12,3.195256561794218e-12,3.509499580581257e-12,-28.38175687494153,-24.95494264611049,-24.547548051541064,3.755883599017837e-11,(-2.4919367175133552e-05+7.391980091118791e-07j),5.473642572831967
1070.0,2.1322361005176127e-12,4.676278110015384e-12,5.1394559780739054e-12,-26.71164707959329,-23.300996681574645,-22.890828495309307,2.7425960339001676e-11,(4.9999999999999996e-05+0j),2.7426369594235216,0.0,0.0,0.0,-210.0,-210.0,-210.0,2.8374395034442013e-11,0j,3.0379323023708134,9.327157149184629e-13,-2.5161126639418495e-12,2.6834272008952304e-12,-30.302507059380392,-25.992699163933885,-25.713101822582,2.8199307423088008e-11,(2.5363217117980554e-05-1.0990607825646055e-06j),2.984168929685784,9.316710078054103e-13,2.5154001977397165e-12,2.682396134349689e-12,-30.307374188891245,-25.99392909278711,-25.71477085448536,2.8199255266233373e-11,(-2.5356266221128766e-05+1.092335174767241e-06j),2.98415286442945
1080.0,1.6029951379390822e-12,3.49436752742077e-12,3.844502286245787e-12,-27.950677949068844,-24.566314191193825,-24.151598764940758,2.0522866466965206e-11,(4.9999999999999996e-05+0j),0.2241604746225705,0.0,0.0,0.0,-210.0,-210.0,-210.0,2.3323215640974665e-11,0j,1.3351686404105332,6.918008217525102e-13,-2.098768216695963e-12,2.2098453349478106e-12,-31.60018926446594,-26.780355212881055,-26.55638121124502,2.2645440259720846e-11,(2.5991675844671896e-05-1.5040803912320657e-06j),1.0790154548488327,6.909784447416878e-13,2.098148627022536e-12,2.208999518373464e-12,-31.60535500347588,-26.781637508376477,-26.558043788174604,2.2645234236134017e-11,(-2.5984557186393487e-05+1.4973589089089136e-06j),1.078936432040805
1090.0,1.3128577106170647e-12,2.604718699463976e-12,2.916874161095056e-12,-28.81782340812625,-25.84239172121514,-25.35082306675621,1.558042564738828e-11,(4.9999999999999996e-05+0j),-2.169013550288295,0.0,0.0,0.0,-210.0,-210.0,-210.0,2.0230168979666768e-11,0j,0.09939029441559469,5.666643339855916e-13,-1.833852205151932e-12,1.9194067775622598e-12,-32.466741211165726,-27.36635668160751,-27.168329760047442,1.9023739232376514e-11,(2.6847557360855774e-05-1.9750786275386016e-06j),-0.43468222867472395,5.659703664922924e-13,1.833304942567994e-12,1.9186790946355923e-12,-32.472063073378614,-27.36765290706252,-27.169976563657038,1.9023357732119567e-11,(-2.6840266153772633e-05+1.9682415623900475e-06j),-0.43485641642586514
1100.0,1.1419561622837722e-12,1.882925783267971e-12,2.202151988822112e-12,-29.423505675820092,-27.25166797642601,-26.57152710055991,1.1775760976692457e-11,(4.9999999999999996e-05+0j),-4.600820277006655,0.0,0.0,0.0,-210.0,-210.0,-210.0,1.8293193642536688e-11,0j,-0.7748092807840119,4.998108066363618e-13,-1.6641057429963864e-12,1.7375438890295825e-12,-33.01194358029893,-27.78819080604954,-27.600642166528807,1.65074460608399e-11,(2.7971591327566987e-05-2.537888890303732e-06j),-1.6670021760450124,4.991935369455335e-13,1.6636124260078836e-12,1.7368939205651068e-12,-33.01731046096188,-27.78947844422455,-27.602267049380625,1.650685591739995e-11,(-2.7964097450477045e-05+2.5308311717940054e-06j),-1.6673127033306687
1110.0,1.040720898573292e-12,1.2585130829190968e-12,1.6330814947839346e-12,-29.826657243429274,-29.001422653678727,-27.8699214235956,8.751483517785763e-12,(4.9999999999999996e-05+0j),-7.178966329457724,0.0,0.0,0.0,-210.0,-210.0,-210.0,1.71244642153776e-11,0j,-1.3482600670065306,4.678021453473392e-13,-1.559439151037983e-12,1.628093766642953e-12,-33.29937790841584,-28.070315666484227,-27.88320586447469,1.468149347686285e-11,(2.941676261224814e-05-3.2307883759987293e-06j),-2.685195183464199,4.672288069729688e-13,1.5589855982776836e-12,1.6274946555066197e-12,-33.30470388661669,-28.071578967530577,-27.884804289273863,1.4680645797189753e-11,(-2.9409018472326898e-05+3.2233989431823226e-06j),-2.6856967036036057
1120.0,9.873955145579252e-13,6.871008899740149e-13,1.2029370453902372e-12,-30.05508849981757,-31.629794889346357,-29.197571004698368,6.472858906013083e-12,(4.9999999999999996e-05+0j),-9.798677104012587,0.0,0.0,0.0,-210.0,-210.0,-210.0,1.6528645893716714e-11,0j,-1.655854402619328,4.607227579636503e-13,-1.5038499950723862e-12,1.5728414628896481e-12,-33.365603347108085,-28.22795481271834,-28.03315050588474,1.3316520554957706e-11,(3.125528448734495e-05-4.11057956860561e-06j),-3.5327846375869094,4.601694641129266e-13,1.5034255677603423e-12,1.5722736318775702e-12,-33.370822035883904,-28.229180682692427,-28.034718689372138,1.331534358813544e-11,(-3.124722779540525e-05+4.10272719532273e-06j),-3.5335523648385654
1130.0,9.738608764547942e-13,1.3679923405551065e-13,9.834221052668452e-13,-30.11503081010044,-38.639163342416076,-30.072600339068348,5.316176609014511e-12,(4.9999999999999996e-05+0j),-11.508611908624164,0.0,0.0,0.0,-210.0,-210.0,-210.0,1.641554777418806e-11,0j,-1.7154923256879884,4.753914433723453e-13,-1.4894052428173194e-12,1.5634337215767608e-12,-33.22948639456003,-28.269871217410554,-28.05920525014971,1.2276388659425412e-11,(3.358751843143239e-05-5.26442868649519e-06j),-4.239187326275752,4.748379060683891e-13,1.4890021344236923e-12,1.5628814393157672e-12,-33.23454618826077,-28.27104679703991,-28.060739664490903,1.2274775651467786e-11,(-3.357907254411549e-05+5.25594654070116e-06j),-4.24032864967272
1140.0,1.0010832228301557e-12,-4.1923282958975833e-13,1.085321972705725e-12,-29.99529816912769,-33.7754471564406,-29.644414044641426,5.854901315928539e-12,(4.9999999999999996e-05+0j),-10.670208324117517,0.0,0.0,0.0,-210.0,-210.0,-210.0,1.676552885218115e-11,0j,-1.5322547657830246,5.132583640768475e-13,-1.5135267662128245e-12,1.5981856651645614e-12,-32.896639646211334,-28.200098942873595,-27.96372769031676,1.1475888206190524e-11,(3.655473210345729e-05-6.8318549731734e-06j),-4.824873736075504,5.126842924094778e-13,1.5131397508883946e-12,1.5976348423222373e-12,-32.90149988243994,-28.2012095946073,-27.965224766405584,1.1473676160721104e-11,(-3.654580573733112e-05+6.822518698696477e-06j),-4.826548154166766
1150.0,1.0792715258702418e-12,-1.0077375224760798e-12,1.4766048695438153e-12,-29.668692806624883,-29.966525704543297,-28.30735703695945,7.926110588882256e-12,(4.9999999999999996e-05+0j),-8.039397362788158,0.0,0.0,0.0,-210.0,-210.0,-210.0,1.76212437477913e-11,0j,-1.0998687401136598,5.806221433411337e-13,-1.5779222902630566e-12,1.6813568411991137e-12,-32.36106405384322,-28.01914388795145,-27.743401046943013,1.0859669530185682e-11,(4.035735405216461e-05-9.04720262645958e-06j),-5.304267723877781,5.800037513961799e-13,1.5775492317962654e-12,1.6807932443863012e-12,-32.3656919746225,-28.020170785092983,-27.744857061587716,1.0856600436372759e-11,(-4.034784295231922e-05+9.036694990496965e-06j),-5.306722824165857
1160.0,1.2324809553503173e-12,-1.6594935494811545e-12,2.06710622515409e-12,-29.092197828419447,-27.800244313723912,-26.846372051274813,1.1062787440260325e-11,(4.9999999999999996e-05+0j),-5.143308554014563,0.0,0.0,0.0,-210.0,-210.0,-210.0,1.9099143909714342e-11,0j,-0.4003218914868834,6.910548320823301e-13,-1.6883568165390533e-12,1.8243096011637455e-12,-31.60487491951381,-27.725357644177944,-27.389014562120934,1.0391077560646975e-11,(4.527820112474919e-05-1.2326414743699437e-05j),-5.687388183739092,6.903600822459656e-13,1.6880006323503138e-12,1.823716857950739e-12,-31.609243281872516,-27.726273950171173,-27.390425873753372,1.0386723692725538e-11,(-4.526799820506837e-05+1.2314264259465789e-05j),-5.691028339533889
1170.0,1.5110493690160823e-12,-2.4128059002131446e-12,2.846911046679763e-12,-28.20721346156671,-26.174776137965278,-25.456261024138662,1.521316849755467e-11,(4.9999999999999996e-05+0j),-2.3762064044806013,0.0,0.0,0.0,-210.0,-210.0,-210.0,2.142513667659205e-11,0j,0.597872108380426,8.71639985401711e-13,-1.8543595234192945e-12,2.049001099620722e-12,-30.596628552488603,-27.318060609682156,-26.88457808529462,1.0046064005415176e-11,(5.16969297508863e-05-1.7455680944190857e-05j),-5.980681097151295,8.708204619038287e-13,1.854033534521645e-12,2.0483575430088425e-12,-30.600713747761926,-27.318824148916335,-26.885942345111772,1.0039674779376212e-11,(-5.168596345240636e-05+1.744114953116885e-05j),-5.986207019270816
1180.0,2.022208204951749e-12,-3.312088410240097e-12,3.880625679116828e-12,-26.941741318278133,-24.798980790227386,-24.110982468075797,2.0720505848622263e-11,(4.9999999999999996e-05+0j),0.3074071589407513,0.0,0.0,0.0,-210.0,-210.0,-210.0,2.500894441381724e-11,0j,1.941307312030862,1.1776850696486511e-12,-2.085706981439943e-12,2.395227700178141e-12,-29.28970830771021,-26.80746705153188,-26.206531944705652,9.810025705228494e-12,(6.001500272729227e-05-2.602561592506168e-05j),-6.187197005998156,1.176660331693811e-12,2.0854492403522437e-12,2.394499544845966e-12,-29.293488875056305,-26.80800376378305,-26.207852411734322,9.80019305205462e-12,(-6.000336856856456e-05+2.6007487417401135e-05j),-6.19590729613126
1190.0,3.0049175756456107e-12,-4.375178202823223e-12,5.3077032643963196e-12,-25.22167436118222,-23.59004253287005,-22.75093365053562,2.832769406991215e-11,(4.9999999999999996e-05+0j),3.023624557381988,0.0,0.0,0.0,-210.0,-210.0,-210.0,3.0570914849809504e-11,0j,3.6855687946926388,1.7264649223914834e-12,-2.3708676045867123e-12,2.932864525805269e-12,-27.62842241042633,-26.25092697478086,-25.327079973856442,9.676487570670756e-12,(7.007826896427887e-05-4.144170994305295e-05j),-6.306245051196225,1.7250918116648759e-12,2.3707810474083893e-12,2.9319864483697775e-12,-27.63187786249631,-26.251085532732652,-25.328380413337158,9.660385360222393e-12,(-7.006668208829155e-05+4.141791626108198e-05j),-6.320710891222282
1200.0,4.979090526447692e-12,-5.390616106913652e-12,7.33826167989927e-12,-23.028499776049788,-22.68361595380691,-21.344068055113926,3.9155046176639586e-11,(4.9999999999999996e-05+0j),5.835154896308308,0.0,0.0,0.0,-210.0,-210.0,-210.0,3.918713794883421e-11,0j,5.842271001386953,2.753654722831526e-12,-2.5677933360241856e-12,3.765126418741153e-12,-25.60090516283069,-25.904399325642466,-24.242204372481506,9.645109183580385e-12,(7.80934695101752e-05-7.073425758339407e-05j),-6.334456948003822,2.751683579546729e-12,2.5681578284779526e-12,3.7639337339968794e-12,-25.60401507775758,-25.903782898201623,-24.24358031156796,9.616945211717964e-12,(-7.808482103646442e-05+7.070156300618036e-05j),-6.359857076222281
